file_name,on_screen_gaze_position,monitor_pixels
p02/day21/0008.jpg,"[296, 910]","[1280, 800]"
p02/day21/0012.jpg,"[2929, 730]","[1280, 800]"
p02/day21/0013.jpg,"[973, 1032]","[1280, 800]"
p02/day21/0014.jpg,"[1836, 729]","[1280, 800]"
p02/day21/0015.jpg,"[2394, 1006]","[1280, 800]"
p02/day21/0016.jpg,"[3168, 177]","[1280, 800]"
p02/day21/0019.jpg,"[1425, 391]","[1280, 800]"
p02/day21/0020.jpg,"[1853, 862]","[1280, 800]"
p02/day21/0021.jpg,"[1625, 788]","[1280, 800]"
p02/day21/0022.jpg,"[1610, 998]","[1280, 800]"
p02/day21/0023.jpg,"[1951, 755]","[1280, 800]"
p02/day21/0024.jpg,"[2809, 780]","[1280, 800]"
p07/day02/0001.jpg,"[1437, 988]","[1440, 900]"
p07/day02/0005.jpg,"[1486, 469]","[1440, 900]"
p07/day02/0006.jpg,"[1443, 9]","[1440, 900]"
p07/day02/0011.jpg,"[927, 954]","[1440, 900]"
p07/day02/0026.jpg,"[293, 902]","[1440, 900]"
p07/day02/0028.jpg,"[237, 984]","[1440, 900]"
p07/day02/0030.jpg,"[1851, 919]","[1440, 900]"
p07/day02/0031.jpg,"[382, 1007]","[1440, 900]"
p07/day02/0035.jpg,"[307, 926]","[1440, 900]"
p07/day02/0036.jpg,"[1402, 1050]","[1440, 900]"
p07/day02/0039.jpg,"[1615, 323]","[1440, 900]"
p07/day02/0040.jpg,"[1376, 992]","[1440, 900]"
p07/day02/0042.jpg,"[593, 1033]","[1440, 900]"
p07/day02/0046.jpg,"[1448, 883]","[1440, 900]"
p07/day02/0050.jpg,"[1681, 733]","[1440, 900]"
p07/day02/0058.jpg,"[1516, 251]","[1440, 900]"
p07/day02/0059.jpg,"[1245, 1064]","[1440, 900]"
p07/day02/0062.jpg,"[1786, 578]","[1440, 900]"
p07/day02/0063.jpg,"[430, 1000]","[1440, 900]"
p07/day02/0064.jpg,"[1321, 1045]","[1440, 900]"
p07/day02/0068.jpg,"[616, 919]","[1440, 900]"
p07/day02/0073.jpg,"[1654, 111]","[1440, 900]"
p07/day02/0074.jpg,"[1514, 381]","[1440, 900]"
p07/day02/0076.jpg,"[1459, 272]","[1440, 900]"
p07/day02/0078.jpg,"[588, 1049]","[1440, 900]"
p07/day02/0080.jpg,"[645, 991]","[1440, 900]"
p07/day02/0081.jpg,"[1756, 843]","[1440, 900]"
p07/day02/0082.jpg,"[582, 1016]","[1440, 900]"
p07/day02/0083.jpg,"[1904, 497]","[1440, 900]"
p07/day02/0090.jpg,"[1568, 851]","[1440, 900]"
p07/day02/0091.jpg,"[841, 1047]","[1440, 900]"
p07/day02/0092.jpg,"[1698, 172]","[1440, 900]"
p07/day02/0095.jpg,"[1346, 1047]","[1440, 900]"
p07/day02/0096.jpg,"[111, 997]","[1440, 900]"
p07/day02/0097.jpg,"[1469, 58]","[1440, 900]"
p07/day02/0098.jpg,"[1506, 119]","[1440, 900]"
p07/day04/0361.jpg,"[1621, 950]","[1440, 900]"
p07/day04/0363.jpg,"[1605, 993]","[1440, 900]"
p07/day04/0366.jpg,"[1798, 684]","[1440, 900]"
p07/day04/0369.jpg,"[1460, 283]","[1440, 900]"
p07/day04/0377.jpg,"[1807, 1028]","[1440, 900]"
p07/day04/0381.jpg,"[1855, 554]","[1440, 900]"
p07/day04/0384.jpg,"[1477, 837]","[1440, 900]"
p07/day04/0388.jpg,"[1849, 1066]","[1440, 900]"
p07/day04/0392.jpg,"[1552, 173]","[1440, 900]"
p07/day04/0396.jpg,"[1640, 959]","[1440, 900]"
p07/day04/0398.jpg,"[501, 1034]","[1440, 900]"
p07/day04/0400.jpg,"[468, 956]","[1440, 900]"
p07/day04/0403.jpg,"[1776, 48]","[1440, 900]"
p07/day04/0410.jpg,"[1448, 96]","[1440, 900]"
p07/day04/0412.jpg,"[157, 964]","[1440, 900]"
p07/day04/0413.jpg,"[1623, 309]","[1440, 900]"
p07/day04/0414.jpg,"[1716, 428]","[1440, 900]"
p07/day04/0418.jpg,"[1773, 284]","[1440, 900]"
p07/day04/0419.jpg,"[263, 1034]","[1440, 900]"
p07/day04/0421.jpg,"[582, 1024]","[1440, 900]"
p07/day04/0422.jpg,"[1840, 458]","[1440, 900]"
p07/day04/0423.jpg,"[428, 1056]","[1440, 900]"
p07/day04/0428.jpg,"[1485, 2]","[1440, 900]"
p07/day04/0429.jpg,"[1528, 973]","[1440, 900]"
p07/day04/0430.jpg,"[1870, 759]","[1440, 900]"
p07/day04/0437.jpg,"[592, 1042]","[1440, 900]"
p07/day04/0438.jpg,"[969, 1017]","[1440, 900]"
p07/day04/0440.jpg,"[1559, 795]","[1440, 900]"
p07/day04/0442.jpg,"[1520, 1034]","[1440, 900]"
p07/day04/0444.jpg,"[711, 972]","[1440, 900]"
p07/day04/0447.jpg,"[1717, 673]","[1440, 900]"
p07/day04/0448.jpg,"[1877, 814]","[1440, 900]"
p07/day04/0452.jpg,"[388, 902]","[1440, 900]"
p07/day04/0454.jpg,"[97, 1015]","[1440, 900]"
p07/day04/0456.jpg,"[1742, 353]","[1440, 900]"
p07/day06/0001.jpg,"[260, 1024]","[1440, 900]"
p07/day06/0009.jpg,"[1624, 696]","[1440, 900]"
p07/day06/0010.jpg,"[1906, 1000]","[1440, 900]"
p07/day06/0012.jpg,"[1509, 49]","[1440, 900]"
p07/day06/0015.jpg,"[1703, 748]","[1440, 900]"
p07/day06/0018.jpg,"[1776, 952]","[1440, 900]"
p07/day06/0021.jpg,"[1543, 413]","[1440, 900]"
p07/day06/0022.jpg,"[579, 1053]","[1440, 900]"
p07/day06/0025.jpg,"[1653, 23]","[1440, 900]"
p07/day06/0029.jpg,"[1316, 931]","[1440, 900]"
p07/day06/0030.jpg,"[1400, 995]","[1440, 900]"
p07/day06/0032.jpg,"[1289, 906]","[1440, 900]"
p07/day06/0038.jpg,"[1611, 1054]","[1440, 900]"
p07/day06/0040.jpg,"[1501, 1063]","[1440, 900]"
p07/day06/0041.jpg,"[1862, 468]","[1440, 900]"
p07/day06/0043.jpg,"[1675, 633]","[1440, 900]"
p07/day06/0045.jpg,"[1855, 70]","[1440, 900]"
p07/day06/0046.jpg,"[1525, 44]","[1440, 900]"
p07/day06/0048.jpg,"[1592, 163]","[1440, 900]"
p07/day06/0050.jpg,"[399, 1009]","[1440, 900]"
p07/day06/0052.jpg,"[1663, 371]","[1440, 900]"
p07/day06/0054.jpg,"[1883, 11]","[1440, 900]"
p07/day06/0055.jpg,"[1724, 1042]","[1440, 900]"
p07/day06/0057.jpg,"[1174, 979]","[1440, 900]"
p07/day06/0059.jpg,"[957, 1056]","[1440, 900]"
p07/day06/0060.jpg,"[921, 1032]","[1440, 900]"
p07/day06/0061.jpg,"[1712, 717]","[1440, 900]"
p07/day06/0064.jpg,"[1578, 269]","[1440, 900]"
p07/day06/0065.jpg,"[1313, 958]","[1440, 900]"
p07/day06/0067.jpg,"[1707, 25]","[1440, 900]"
p07/day06/0068.jpg,"[1847, 892]","[1440, 900]"
p07/day06/0069.jpg,"[1570, 132]","[1440, 900]"
p07/day06/0070.jpg,"[1625, 1062]","[1440, 900]"
p07/day06/0071.jpg,"[1445, 371]","[1440, 900]"
p07/day06/0075.jpg,"[1884, 250]","[1440, 900]"
p07/day06/0076.jpg,"[1483, 206]","[1440, 900]"
p07/day06/0079.jpg,"[1807, 1066]","[1440, 900]"
p07/day06/0080.jpg,"[1698, 685]","[1440, 900]"
p07/day06/0082.jpg,"[1152, 981]","[1440, 900]"
p07/day06/0089.jpg,"[1504, 719]","[1440, 900]"
p07/day06/0093.jpg,"[1537, 537]","[1440, 900]"
p07/day06/0100.jpg,"[1684, 770]","[1440, 900]"
p07/day06/0101.jpg,"[46, 956]","[1440, 900]"
p07/day06/0103.jpg,"[1549, 457]","[1440, 900]"
p07/day06/0105.jpg,"[63, 922]","[1440, 900]"
p07/day06/0107.jpg,"[413, 992]","[1440, 900]"
p07/day06/0108.jpg,"[98, 919]","[1440, 900]"
p07/day06/0110.jpg,"[1740, 116]","[1440, 900]"
p07/day06/0112.jpg,"[1601, 916]","[1440, 900]"
p07/day06/0115.jpg,"[1845, 752]","[1440, 900]"
p07/day06/0117.jpg,"[1052, 946]","[1440, 900]"
p07/day06/0119.jpg,"[1740, 946]","[1440, 900]"
p07/day06/0120.jpg,"[1579, 897]","[1440, 900]"
p07/day06/0122.jpg,"[1811, 475]","[1440, 900]"
p07/day06/0123.jpg,"[212, 923]","[1440, 900]"
p07/day06/0125.jpg,"[1021, 1045]","[1440, 900]"
p07/day06/0128.jpg,"[1677, 944]","[1440, 900]"
p07/day06/0130.jpg,"[1848, 160]","[1440, 900]"
p07/day06/0131.jpg,"[1509, 886]","[1440, 900]"
p07/day06/0134.jpg,"[1759, 489]","[1440, 900]"
p07/day06/0138.jpg,"[1822, 764]","[1440, 900]"
p07/day06/0139.jpg,"[1542, 185]","[1440, 900]"
p07/day06/0142.jpg,"[864, 945]","[1440, 900]"
p07/day06/0146.jpg,"[1896, 791]","[1440, 900]"
p07/day06/0147.jpg,"[1273, 987]","[1440, 900]"
p07/day06/0149.jpg,"[1744, 358]","[1440, 900]"
p07/day06/0153.jpg,"[1908, 327]","[1440, 900]"
p07/day06/0156.jpg,"[1899, 15]","[1440, 900]"
p07/day06/0157.jpg,"[1723, 250]","[1440, 900]"
p07/day06/0159.jpg,"[1738, 485]","[1440, 900]"
p07/day06/0162.jpg,"[1516, 967]","[1440, 900]"
p07/day06/0163.jpg,"[1563, 970]","[1440, 900]"
p07/day06/0165.jpg,"[1701, 279]","[1440, 900]"
p07/day06/0169.jpg,"[1767, 556]","[1440, 900]"
p07/day06/0174.jpg,"[1708, 773]","[1440, 900]"
p07/day06/0179.jpg,"[1175, 1073]","[1440, 900]"
p07/day06/0180.jpg,"[388, 1050]","[1440, 900]"
p07/day06/0181.jpg,"[761, 1059]","[1440, 900]"
p07/day06/0183.jpg,"[1800, 325]","[1440, 900]"
p07/day06/0185.jpg,"[1657, 455]","[1440, 900]"
p07/day06/0187.jpg,"[108, 910]","[1440, 900]"
p07/day06/0189.jpg,"[688, 937]","[1440, 900]"
p07/day06/0190.jpg,"[1696, 161]","[1440, 900]"
p07/day06/0193.jpg,"[1602, 51]","[1440, 900]"
p07/day06/0195.jpg,"[1013, 968]","[1440, 900]"
p07/day06/0196.jpg,"[1504, 981]","[1440, 900]"
p07/day06/0198.jpg,"[1575, 813]","[1440, 900]"
p07/day06/0200.jpg,"[1652, 283]","[1440, 900]"
p07/day06/0202.jpg,"[1650, 638]","[1440, 900]"
p07/day06/0203.jpg,"[336, 914]","[1440, 900]"
p07/day06/0207.jpg,"[1672, 817]","[1440, 900]"
p07/day06/0209.jpg,"[1826, 790]","[1440, 900]"
p07/day06/0213.jpg,"[1592, 207]","[1440, 900]"
p07/day06/0219.jpg,"[1850, 597]","[1440, 900]"
p07/day06/0229.jpg,"[1079, 993]","[1440, 900]"
p07/day06/0230.jpg,"[1842, 609]","[1440, 900]"
p07/day06/0234.jpg,"[1526, 353]","[1440, 900]"
p07/day06/0235.jpg,"[1272, 995]","[1440, 900]"
p07/day06/0236.jpg,"[704, 1060]","[1440, 900]"
p07/day06/0240.jpg,"[1740, 136]","[1440, 900]"
p07/day06/0241.jpg,"[1347, 981]","[1440, 900]"
p07/day06/0243.jpg,"[1914, 433]","[1440, 900]"
p07/day06/0244.jpg,"[1815, 797]","[1440, 900]"
p07/day06/0248.jpg,"[1303, 1026]","[1440, 900]"
p07/day06/0250.jpg,"[1700, 870]","[1440, 900]"
p07/day06/0251.jpg,"[1702, 474]","[1440, 900]"
p07/day06/0252.jpg,"[722, 1014]","[1440, 900]"
p07/day06/0254.jpg,"[1713, 959]","[1440, 900]"
p07/day06/0258.jpg,"[1866, 482]","[1440, 900]"
p07/day06/0261.jpg,"[1766, 932]","[1440, 900]"
p07/day06/0265.jpg,"[1822, 14]","[1440, 900]"
p07/day06/0267.jpg,"[1732, 584]","[1440, 900]"
p07/day06/0268.jpg,"[1741, 38]","[1440, 900]"
p07/day06/0272.jpg,"[1716, 542]","[1440, 900]"
p07/day06/0274.jpg,"[1867, 318]","[1440, 900]"
p07/day06/0277.jpg,"[1585, 196]","[1440, 900]"
p07/day06/0279.jpg,"[1680, 738]","[1440, 900]"
p07/day06/0280.jpg,"[591, 1078]","[1440, 900]"
p07/day06/0281.jpg,"[1506, 878]","[1440, 900]"
p07/day06/0282.jpg,"[1515, 554]","[1440, 900]"
p07/day06/0283.jpg,"[1655, 126]","[1440, 900]"
p07/day06/0295.jpg,"[1662, 905]","[1440, 900]"
p07/day06/0297.jpg,"[1821, 852]","[1440, 900]"
p07/day06/0298.jpg,"[403, 1029]","[1440, 900]"
p07/day06/0301.jpg,"[1501, 925]","[1440, 900]"
p07/day06/0303.jpg,"[1444, 443]","[1440, 900]"
p07/day06/0305.jpg,"[368, 1002]","[1440, 900]"
p07/day06/0306.jpg,"[1719, 603]","[1440, 900]"
p07/day06/0310.jpg,"[1778, 480]","[1440, 900]"
p07/day06/0311.jpg,"[1799, 843]","[1440, 900]"
p07/day06/0312.jpg,"[65, 990]","[1440, 900]"
p07/day06/0313.jpg,"[1275, 1011]","[1440, 900]"
p07/day06/0315.jpg,"[187, 1019]","[1440, 900]"
p07/day06/0316.jpg,"[1019, 1018]","[1440, 900]"
p07/day06/0319.jpg,"[415, 1026]","[1440, 900]"
p07/day07/0005.jpg,"[1880, 375]","[1440, 900]"
p07/day07/0006.jpg,"[1814, 266]","[1440, 900]"
p07/day07/0008.jpg,"[1657, 651]","[1440, 900]"
p07/day07/0010.jpg,"[514, 919]","[1440, 900]"
p07/day07/0016.jpg,"[1457, 582]","[1440, 900]"
p07/day07/0017.jpg,"[1617, 776]","[1440, 900]"
p07/day07/0022.jpg,"[931, 902]","[1440, 900]"
p07/day07/0024.jpg,"[1739, 322]","[1440, 900]"
p07/day07/0029.jpg,"[1857, 887]","[1440, 900]"
p07/day07/0031.jpg,"[1910, 349]","[1440, 900]"
p07/day07/0034.jpg,"[1297, 974]","[1440, 900]"
p07/day07/0036.jpg,"[467, 958]","[1440, 900]"
p07/day11/0005.jpg,"[1659, 336]","[1440, 900]"
p07/day11/0007.jpg,"[1570, 542]","[1440, 900]"
p07/day11/0009.jpg,"[1446, 730]","[1440, 900]"
p07/day11/0010.jpg,"[854, 905]","[1440, 900]"
p07/day11/0012.jpg,"[943, 1045]","[1440, 900]"
p07/day11/0015.jpg,"[1606, 835]","[1440, 900]"
p07/day11/0016.jpg,"[1151, 936]","[1440, 900]"
p07/day11/0017.jpg,"[1790, 88]","[1440, 900]"
p07/day11/0018.jpg,"[1823, 501]","[1440, 900]"
p07/day11/0023.jpg,"[1795, 406]","[1440, 900]"
p07/day11/0035.jpg,"[960, 964]","[1440, 900]"
p07/day11/0037.jpg,"[1757, 1058]","[1440, 900]"
p07/day11/0039.jpg,"[1496, 802]","[1440, 900]"
p07/day11/0040.jpg,"[707, 1064]","[1440, 900]"
p07/day11/0046.jpg,"[1706, 935]","[1440, 900]"
p07/day11/0047.jpg,"[1133, 977]","[1440, 900]"
p07/day11/0048.jpg,"[1840, 956]","[1440, 900]"
p07/day11/0053.jpg,"[1648, 524]","[1440, 900]"
p07/day11/0055.jpg,"[660, 927]","[1440, 900]"
p07/day11/0062.jpg,"[1663, 805]","[1440, 900]"
p07/day11/0064.jpg,"[1867, 9]","[1440, 900]"
p07/day11/0069.jpg,"[1805, 301]","[1440, 900]"
p07/day11/0070.jpg,"[1665, 331]","[1440, 900]"
p07/day11/0075.jpg,"[46, 1037]","[1440, 900]"
p07/day11/0076.jpg,"[1704, 377]","[1440, 900]"
p07/day11/0081.jpg,"[949, 1072]","[1440, 900]"
p07/day11/0084.jpg,"[874, 959]","[1440, 900]"
p07/day11/0085.jpg,"[1819, 354]","[1440, 900]"
p07/day11/0086.jpg,"[596, 901]","[1440, 900]"
p07/day11/0089.jpg,"[1555, 797]","[1440, 900]"
p07/day11/0091.jpg,"[1481, 729]","[1440, 900]"
p07/day11/0092.jpg,"[591, 991]","[1440, 900]"
p07/day11/0093.jpg,"[1451, 146]","[1440, 900]"
p07/day11/0094.jpg,"[1658, 64]","[1440, 900]"
p07/day11/0099.jpg,"[609, 1047]","[1440, 900]"
p07/day11/0105.jpg,"[1912, 333]","[1440, 900]"
p07/day11/0109.jpg,"[1827, 507]","[1440, 900]"
p07/day11/0111.jpg,"[1476, 646]","[1440, 900]"
p07/day11/0112.jpg,"[1816, 813]","[1440, 900]"
p07/day11/0115.jpg,"[206, 1020]","[1440, 900]"
p07/day11/0116.jpg,"[1684, 972]","[1440, 900]"
p07/day11/0117.jpg,"[1912, 877]","[1440, 900]"
p07/day11/0118.jpg,"[1480, 707]","[1440, 900]"
p07/day11/0133.jpg,"[876, 991]","[1440, 900]"
p07/day11/0135.jpg,"[105, 1046]","[1440, 900]"
p07/day11/0136.jpg,"[1717, 547]","[1440, 900]"
p07/day11/0141.jpg,"[1093, 934]","[1440, 900]"
p07/day11/0142.jpg,"[1891, 889]","[1440, 900]"
p07/day11/0145.jpg,"[1373, 1024]","[1440, 900]"
p07/day11/0147.jpg,"[13, 946]","[1440, 900]"
p07/day11/0148.jpg,"[1537, 897]","[1440, 900]"
p07/day11/0151.jpg,"[497, 948]","[1440, 900]"
p07/day11/0152.jpg,"[1050, 1043]","[1440, 900]"
p07/day11/0155.jpg,"[1185, 948]","[1440, 900]"
p07/day11/0159.jpg,"[1091, 907]","[1440, 900]"
p07/day12/0122.jpg,"[427, 929]","[1440, 900]"
p07/day12/0123.jpg,"[1463, 436]","[1440, 900]"
p07/day12/0127.jpg,"[1602, 491]","[1440, 900]"
p07/day12/0129.jpg,"[311, 1001]","[1440, 900]"
p07/day12/0130.jpg,"[1658, 434]","[1440, 900]"
p07/day12/0131.jpg,"[1425, 966]","[1440, 900]"
p07/day12/0132.jpg,"[1824, 878]","[1440, 900]"
p07/day12/0133.jpg,"[1525, 597]","[1440, 900]"
p07/day12/0142.jpg,"[1661, 1023]","[1440, 900]"
p07/day12/0144.jpg,"[1751, 919]","[1440, 900]"
p07/day12/0146.jpg,"[1489, 176]","[1440, 900]"
p07/day12/0148.jpg,"[1575, 784]","[1440, 900]"
p07/day12/0152.jpg,"[1787, 733]","[1440, 900]"
p07/day12/0153.jpg,"[1454, 499]","[1440, 900]"
p07/day12/0154.jpg,"[1166, 941]","[1440, 900]"
p07/day12/0158.jpg,"[171, 965]","[1440, 900]"
p07/day12/0160.jpg,"[924, 999]","[1440, 900]"
p07/day12/0161.jpg,"[1123, 982]","[1440, 900]"
p07/day12/0163.jpg,"[1716, 967]","[1440, 900]"
p07/day12/0167.jpg,"[617, 966]","[1440, 900]"
p07/day12/0173.jpg,"[322, 964]","[1440, 900]"
p07/day12/0179.jpg,"[1623, 279]","[1440, 900]"
p07/day12/0187.jpg,"[1691, 654]","[1440, 900]"
p07/day12/0193.jpg,"[108, 1041]","[1440, 900]"
p07/day12/0195.jpg,"[1651, 754]","[1440, 900]"
p07/day12/0197.jpg,"[1645, 93]","[1440, 900]"
p07/day12/0198.jpg,"[1798, 1012]","[1440, 900]"
p07/day12/0200.jpg,"[1649, 209]","[1440, 900]"
p07/day12/0202.jpg,"[1519, 871]","[1440, 900]"
p07/day12/0205.jpg,"[241, 959]","[1440, 900]"
p07/day12/0213.jpg,"[1876, 424]","[1440, 900]"
p07/day12/0218.jpg,"[1496, 556]","[1440, 900]"
p07/day12/0220.jpg,"[1618, 158]","[1440, 900]"
p07/day12/0222.jpg,"[595, 1043]","[1440, 900]"
p07/day12/0223.jpg,"[1750, 453]","[1440, 900]"
p07/day12/0226.jpg,"[140, 998]","[1440, 900]"
p07/day12/0227.jpg,"[576, 1066]","[1440, 900]"
p07/day12/0228.jpg,"[1730, 1064]","[1440, 900]"
p07/day12/0229.jpg,"[294, 962]","[1440, 900]"
p07/day12/0231.jpg,"[1490, 129]","[1440, 900]"
p07/day12/0232.jpg,"[420, 1070]","[1440, 900]"
p07/day12/0239.jpg,"[301, 1043]","[1440, 900]"
p07/day12/0240.jpg,"[857, 1047]","[1440, 900]"
p07/day12/0247.jpg,"[755, 1002]","[1440, 900]"
p07/day12/0249.jpg,"[1138, 1070]","[1440, 900]"
p07/day12/0252.jpg,"[1574, 403]","[1440, 900]"
p07/day12/0253.jpg,"[602, 1043]","[1440, 900]"
p07/day12/0257.jpg,"[732, 1001]","[1440, 900]"
p07/day12/0267.jpg,"[36, 1073]","[1440, 900]"
p07/day12/0273.jpg,"[905, 1067]","[1440, 900]"
p07/day12/0274.jpg,"[101, 1070]","[1440, 900]"
p07/day12/0281.jpg,"[1572, 746]","[1440, 900]"
p07/day12/0282.jpg,"[1856, 179]","[1440, 900]"
p07/day12/0283.jpg,"[1718, 869]","[1440, 900]"
p07/day12/0284.jpg,"[1146, 932]","[1440, 900]"
p07/day12/0289.jpg,"[1640, 511]","[1440, 900]"
p07/day12/0291.jpg,"[1537, 449]","[1440, 900]"
p07/day12/0295.jpg,"[1461, 229]","[1440, 900]"
p07/day12/0299.jpg,"[1249, 1034]","[1440, 900]"
p07/day12/0305.jpg,"[1678, 915]","[1440, 900]"
p07/day12/0308.jpg,"[1331, 1038]","[1440, 900]"
p07/day12/0310.jpg,"[1720, 308]","[1440, 900]"
p07/day12/0313.jpg,"[1480, 840]","[1440, 900]"
p07/day12/0314.jpg,"[1442, 117]","[1440, 900]"
p07/day12/0316.jpg,"[1680, 580]","[1440, 900]"
p07/day12/0323.jpg,"[1664, 571]","[1440, 900]"
p07/day12/0324.jpg,"[973, 1068]","[1440, 900]"
p07/day12/0331.jpg,"[1575, 1030]","[1440, 900]"
p07/day12/0334.jpg,"[1583, 989]","[1440, 900]"
p07/day12/0338.jpg,"[1555, 426]","[1440, 900]"
p07/day12/0340.jpg,"[1495, 106]","[1440, 900]"
p07/day12/0342.jpg,"[1225, 1025]","[1440, 900]"
p07/day12/0343.jpg,"[499, 1071]","[1440, 900]"
p07/day12/0346.jpg,"[1794, 524]","[1440, 900]"
p07/day12/0347.jpg,"[20, 925]","[1440, 900]"
p07/day12/0349.jpg,"[1441, 843]","[1440, 900]"
p07/day12/0351.jpg,"[1536, 364]","[1440, 900]"
p07/day12/0353.jpg,"[1611, 112]","[1440, 900]"
p07/day12/0355.jpg,"[1755, 248]","[1440, 900]"
p07/day12/0357.jpg,"[1739, 414]","[1440, 900]"
p07/day12/0358.jpg,"[1587, 503]","[1440, 900]"
p07/day12/0361.jpg,"[614, 926]","[1440, 900]"
p07/day12/0363.jpg,"[1534, 125]","[1440, 900]"
p07/day12/0368.jpg,"[1115, 1008]","[1440, 900]"
p07/day12/0369.jpg,"[1456, 665]","[1440, 900]"
p07/day12/0370.jpg,"[618, 1074]","[1440, 900]"
p07/day12/0372.jpg,"[1622, 337]","[1440, 900]"
p07/day12/0373.jpg,"[1514, 422]","[1440, 900]"
p07/day12/0374.jpg,"[1696, 751]","[1440, 900]"
p07/day12/0380.jpg,"[1614, 1030]","[1440, 900]"
p07/day12/0382.jpg,"[1906, 927]","[1440, 900]"
p07/day12/0384.jpg,"[1604, 249]","[1440, 900]"
p07/day12/0385.jpg,"[1515, 114]","[1440, 900]"
p07/day12/0388.jpg,"[1902, 551]","[1440, 900]"
p07/day12/0389.jpg,"[1512, 10]","[1440, 900]"
p07/day12/0395.jpg,"[1170, 1058]","[1440, 900]"
p07/day12/0396.jpg,"[32, 977]","[1440, 900]"
p07/day12/0399.jpg,"[1471, 630]","[1440, 900]"
p07/day12/0403.jpg,"[1038, 940]","[1440, 900]"
p07/day12/0404.jpg,"[1795, 700]","[1440, 900]"
p07/day12/0405.jpg,"[1152, 998]","[1440, 900]"
p07/day12/0411.jpg,"[1438, 943]","[1440, 900]"
p07/day12/0412.jpg,"[1568, 77]","[1440, 900]"
p07/day12/0414.jpg,"[605, 1032]","[1440, 900]"
p07/day12/0424.jpg,"[1530, 99]","[1440, 900]"
p07/day12/0426.jpg,"[156, 1063]","[1440, 900]"
p07/day12/0427.jpg,"[1722, 267]","[1440, 900]"
p07/day12/0428.jpg,"[1441, 813]","[1440, 900]"
p07/day12/0429.jpg,"[1659, 981]","[1440, 900]"
p07/day12/0430.jpg,"[1470, 461]","[1440, 900]"
p07/day12/0431.jpg,"[1620, 100]","[1440, 900]"
p07/day12/0433.jpg,"[1866, 1057]","[1440, 900]"
p07/day12/0436.jpg,"[1547, 785]","[1440, 900]"
p07/day12/0437.jpg,"[1085, 976]","[1440, 900]"
p07/day12/0439.jpg,"[233, 987]","[1440, 900]"
p07/day12/0441.jpg,"[1799, 128]","[1440, 900]"
p07/day12/0448.jpg,"[1191, 1076]","[1440, 900]"
p07/day12/0453.jpg,"[1476, 753]","[1440, 900]"
p07/day12/0454.jpg,"[1715, 525]","[1440, 900]"
p07/day12/0456.jpg,"[799, 1003]","[1440, 900]"
p07/day12/0459.jpg,"[293, 928]","[1440, 900]"
p07/day12/0461.jpg,"[421, 1019]","[1440, 900]"
p07/day12/0462.jpg,"[1509, 773]","[1440, 900]"
p07/day12/0467.jpg,"[1589, 462]","[1440, 900]"
p07/day12/0468.jpg,"[303, 1042]","[1440, 900]"
p07/day12/0472.jpg,"[1827, 1063]","[1440, 900]"
p07/day12/0474.jpg,"[1645, 934]","[1440, 900]"
p07/day12/0475.jpg,"[1564, 330]","[1440, 900]"
p07/day12/0477.jpg,"[360, 996]","[1440, 900]"
p07/day12/0480.jpg,"[1639, 73]","[1440, 900]"
p07/day12/0482.jpg,"[1130, 1020]","[1440, 900]"
p07/day12/0485.jpg,"[1853, 913]","[1440, 900]"
p07/day12/0487.jpg,"[1779, 54]","[1440, 900]"
p07/day12/0488.jpg,"[194, 928]","[1440, 900]"
p07/day12/0489.jpg,"[1491, 612]","[1440, 900]"
p07/day12/0491.jpg,"[1457, 60]","[1440, 900]"
p07/day12/0492.jpg,"[1820, 326]","[1440, 900]"
p07/day12/0495.jpg,"[1575, 496]","[1440, 900]"
p07/day12/0497.jpg,"[889, 925]","[1440, 900]"
p07/day12/0500.jpg,"[1595, 713]","[1440, 900]"
p07/day12/0501.jpg,"[1479, 189]","[1440, 900]"
p07/day12/0504.jpg,"[1890, 564]","[1440, 900]"
p07/day12/0505.jpg,"[618, 1035]","[1440, 900]"
p07/day12/0506.jpg,"[404, 986]","[1440, 900]"
p07/day12/0508.jpg,"[119, 1011]","[1440, 900]"
p07/day12/0510.jpg,"[1790, 962]","[1440, 900]"
p07/day12/0513.jpg,"[93, 984]","[1440, 900]"
p07/day12/0514.jpg,"[1705, 860]","[1440, 900]"
p07/day12/0515.jpg,"[1484, 542]","[1440, 900]"
p07/day12/0517.jpg,"[161, 1022]","[1440, 900]"
p07/day12/0519.jpg,"[1137, 919]","[1440, 900]"
p07/day12/0521.jpg,"[1650, 939]","[1440, 900]"
p07/day12/0529.jpg,"[1178, 1058]","[1440, 900]"
p07/day12/0532.jpg,"[1848, 595]","[1440, 900]"
p07/day12/0537.jpg,"[1615, 234]","[1440, 900]"
p07/day12/0539.jpg,"[1634, 962]","[1440, 900]"
p07/day12/0544.jpg,"[1729, 130]","[1440, 900]"
p07/day12/0548.jpg,"[1751, 1004]","[1440, 900]"
p07/day12/0549.jpg,"[346, 906]","[1440, 900]"
p07/day12/0552.jpg,"[195, 967]","[1440, 900]"
p07/day12/0554.jpg,"[180, 910]","[1440, 900]"
p07/day12/0557.jpg,"[1138, 1002]","[1440, 900]"
p07/day12/0558.jpg,"[4, 1037]","[1440, 900]"
p07/day13/0006.jpg,"[371, 1046]","[1440, 900]"
p07/day13/0009.jpg,"[1777, 192]","[1440, 900]"
p07/day13/0012.jpg,"[1723, 864]","[1440, 900]"
p07/day13/0013.jpg,"[1550, 458]","[1440, 900]"
p07/day13/0017.jpg,"[1043, 928]","[1440, 900]"
p07/day13/0020.jpg,"[1671, 349]","[1440, 900]"
p07/day13/0022.jpg,"[1715, 831]","[1440, 900]"
p07/day13/0025.jpg,"[444, 904]","[1440, 900]"
p07/day13/0026.jpg,"[1806, 349]","[1440, 900]"
p07/day13/0027.jpg,"[1695, 999]","[1440, 900]"
p07/day13/0029.jpg,"[1678, 598]","[1440, 900]"
p07/day13/0030.jpg,"[1850, 846]","[1440, 900]"
p07/day13/0032.jpg,"[1821, 528]","[1440, 900]"
p07/day13/0033.jpg,"[407, 964]","[1440, 900]"
p07/day13/0034.jpg,"[1736, 926]","[1440, 900]"
p07/day13/0035.jpg,"[1482, 768]","[1440, 900]"
p07/day13/0036.jpg,"[1513, 470]","[1440, 900]"
p07/day13/0039.jpg,"[1382, 992]","[1440, 900]"
p07/day13/0045.jpg,"[1445, 953]","[1440, 900]"
p07/day13/0047.jpg,"[1544, 249]","[1440, 900]"
p07/day13/0049.jpg,"[156, 1064]","[1440, 900]"
p07/day13/0051.jpg,"[941, 951]","[1440, 900]"
p07/day13/0056.jpg,"[1443, 879]","[1440, 900]"
p07/day13/0057.jpg,"[1735, 550]","[1440, 900]"
p07/day13/0059.jpg,"[404, 996]","[1440, 900]"
p07/day13/0061.jpg,"[1844, 286]","[1440, 900]"
p07/day13/0067.jpg,"[1724, 474]","[1440, 900]"
p07/day13/0071.jpg,"[329, 1047]","[1440, 900]"
p07/day13/0072.jpg,"[1570, 701]","[1440, 900]"
p07/day13/0075.jpg,"[1783, 375]","[1440, 900]"
p07/day13/0078.jpg,"[1518, 768]","[1440, 900]"
p07/day13/0079.jpg,"[179, 1044]","[1440, 900]"
p07/day14/0002.jpg,"[932, 1004]","[1440, 900]"
p07/day14/0005.jpg,"[1737, 619]","[1440, 900]"
p07/day14/0006.jpg,"[1505, 804]","[1440, 900]"
p07/day14/0008.jpg,"[1843, 137]","[1440, 900]"
p07/day14/0014.jpg,"[1610, 892]","[1440, 900]"
p07/day14/0015.jpg,"[1736, 510]","[1440, 900]"
p07/day14/0021.jpg,"[816, 942]","[1440, 900]"
p07/day14/0023.jpg,"[252, 1042]","[1440, 900]"
p07/day14/0024.jpg,"[1631, 364]","[1440, 900]"
p07/day14/0025.jpg,"[543, 966]","[1440, 900]"
p07/day14/0026.jpg,"[1770, 601]","[1440, 900]"
p07/day14/0030.jpg,"[1699, 0]","[1440, 900]"
p07/day14/0031.jpg,"[1822, 627]","[1440, 900]"
p07/day14/0037.jpg,"[1630, 16]","[1440, 900]"
p07/day14/0039.jpg,"[1558, 839]","[1440, 900]"
p07/day14/0040.jpg,"[1676, 321]","[1440, 900]"
p07/day14/0045.jpg,"[370, 921]","[1440, 900]"
p07/day14/0046.jpg,"[1692, 276]","[1440, 900]"
p07/day14/0048.jpg,"[1775, 1016]","[1440, 900]"
p07/day14/0049.jpg,"[1733, 664]","[1440, 900]"
p07/day14/0051.jpg,"[1517, 46]","[1440, 900]"
p07/day14/0052.jpg,"[842, 1041]","[1440, 900]"
p07/day14/0054.jpg,"[1796, 813]","[1440, 900]"
p07/day14/0057.jpg,"[1694, 446]","[1440, 900]"
p07/day14/0058.jpg,"[1581, 824]","[1440, 900]"
p07/day14/0060.jpg,"[1493, 797]","[1440, 900]"
p07/day14/0062.jpg,"[586, 1079]","[1440, 900]"
p07/day14/0064.jpg,"[1507, 168]","[1440, 900]"
p07/day14/0065.jpg,"[1715, 94]","[1440, 900]"
p07/day14/0067.jpg,"[627, 1065]","[1440, 900]"
p07/day14/0069.jpg,"[1785, 747]","[1440, 900]"
p07/day14/0073.jpg,"[1455, 791]","[1440, 900]"
p07/day14/0074.jpg,"[1758, 424]","[1440, 900]"
p07/day14/0078.jpg,"[726, 921]","[1440, 900]"
p07/day14/0083.jpg,"[1365, 938]","[1440, 900]"
p07/day14/0084.jpg,"[1578, 517]","[1440, 900]"
p07/day14/0088.jpg,"[1665, 391]","[1440, 900]"
p07/day14/0091.jpg,"[985, 1019]","[1440, 900]"
p07/day14/0097.jpg,"[599, 919]","[1440, 900]"
p07/day14/0102.jpg,"[1644, 482]","[1440, 900]"
p07/day14/0103.jpg,"[1096, 981]","[1440, 900]"
p07/day14/0104.jpg,"[238, 928]","[1440, 900]"
p07/day14/0109.jpg,"[1757, 783]","[1440, 900]"
p07/day14/0110.jpg,"[66, 945]","[1440, 900]"
p07/day14/0116.jpg,"[1620, 500]","[1440, 900]"
p07/day14/0120.jpg,"[1472, 681]","[1440, 900]"
p07/day15/0003.jpg,"[1477, 238]","[1440, 900]"
p07/day15/0004.jpg,"[1593, 616]","[1440, 900]"
p07/day15/0005.jpg,"[1419, 952]","[1440, 900]"
p07/day15/0007.jpg,"[737, 910]","[1440, 900]"
p07/day15/0011.jpg,"[1652, 352]","[1440, 900]"
p07/day15/0019.jpg,"[1506, 4]","[1440, 900]"
p07/day15/0021.jpg,"[1492, 734]","[1440, 900]"
p07/day15/0023.jpg,"[875, 994]","[1440, 900]"
p07/day15/0024.jpg,"[1652, 308]","[1440, 900]"
p07/day15/0026.jpg,"[1875, 518]","[1440, 900]"
p07/day15/0028.jpg,"[292, 1016]","[1440, 900]"
p07/day15/0032.jpg,"[1724, 28]","[1440, 900]"
p07/day15/0034.jpg,"[1651, 200]","[1440, 900]"
p07/day15/0035.jpg,"[1738, 999]","[1440, 900]"
p07/day15/0038.jpg,"[390, 963]","[1440, 900]"
p07/day15/0041.jpg,"[1803, 1041]","[1440, 900]"
p07/day15/0043.jpg,"[1664, 870]","[1440, 900]"
p07/day15/0045.jpg,"[1903, 1075]","[1440, 900]"
p07/day15/0046.jpg,"[246, 935]","[1440, 900]"
p07/day15/0047.jpg,"[1661, 722]","[1440, 900]"
p07/day15/0048.jpg,"[1618, 409]","[1440, 900]"
p07/day15/0049.jpg,"[992, 1069]","[1440, 900]"
p07/day15/0050.jpg,"[1718, 506]","[1440, 900]"
p07/day15/0056.jpg,"[661, 976]","[1440, 900]"
p07/day15/0058.jpg,"[1653, 938]","[1440, 900]"
p07/day15/0060.jpg,"[150, 977]","[1440, 900]"
p07/day15/0061.jpg,"[1621, 625]","[1440, 900]"
p07/day15/0062.jpg,"[1443, 557]","[1440, 900]"
p07/day15/0069.jpg,"[1844, 574]","[1440, 900]"
p07/day15/0072.jpg,"[1740, 453]","[1440, 900]"
p07/day15/0074.jpg,"[1899, 146]","[1440, 900]"
p07/day15/0076.jpg,"[1522, 376]","[1440, 900]"
p07/day15/0077.jpg,"[1704, 946]","[1440, 900]"
p07/day15/0078.jpg,"[779, 955]","[1440, 900]"
p07/day15/0079.jpg,"[202, 950]","[1440, 900]"
p07/day15/0082.jpg,"[964, 976]","[1440, 900]"
p07/day15/0083.jpg,"[1595, 382]","[1440, 900]"
p07/day15/0088.jpg,"[1543, 70]","[1440, 900]"
p07/day15/0093.jpg,"[1569, 181]","[1440, 900]"
p07/day15/0094.jpg,"[1546, 364]","[1440, 900]"
p07/day15/0100.jpg,"[575, 986]","[1440, 900]"
p07/day15/0101.jpg,"[665, 1057]","[1440, 900]"
p07/day15/0102.jpg,"[1867, 815]","[1440, 900]"
p07/day15/0104.jpg,"[1581, 243]","[1440, 900]"
p07/day15/0109.jpg,"[1752, 70]","[1440, 900]"
p07/day15/0112.jpg,"[1670, 933]","[1440, 900]"
p07/day15/0116.jpg,"[765, 966]","[1440, 900]"
p07/day15/0117.jpg,"[1786, 580]","[1440, 900]"
p07/day15/0118.jpg,"[1570, 514]","[1440, 900]"
p07/day15/0123.jpg,"[1908, 407]","[1440, 900]"
p07/day15/0124.jpg,"[827, 909]","[1440, 900]"
p07/day15/0125.jpg,"[781, 920]","[1440, 900]"
p07/day15/0127.jpg,"[1691, 973]","[1440, 900]"
p07/day15/0130.jpg,"[403, 1005]","[1440, 900]"
p07/day15/0131.jpg,"[1070, 918]","[1440, 900]"
p07/day15/0134.jpg,"[1861, 498]","[1440, 900]"
p07/day15/0140.jpg,"[1614, 775]","[1440, 900]"
p07/day15/0142.jpg,"[1118, 1013]","[1440, 900]"
p07/day15/0147.jpg,"[1825, 296]","[1440, 900]"
p07/day15/0150.jpg,"[1767, 294]","[1440, 900]"
p07/day15/0152.jpg,"[593, 1040]","[1440, 900]"
p07/day15/0153.jpg,"[1779, 805]","[1440, 900]"
p07/day15/0157.jpg,"[1498, 522]","[1440, 900]"
p07/day15/0158.jpg,"[1886, 804]","[1440, 900]"
p07/day15/0164.jpg,"[1778, 669]","[1440, 900]"
p07/day15/0168.jpg,"[740, 961]","[1440, 900]"
p07/day15/0169.jpg,"[1495, 671]","[1440, 900]"
p07/day15/0171.jpg,"[1548, 535]","[1440, 900]"
p07/day15/0173.jpg,"[856, 919]","[1440, 900]"
p07/day15/0179.jpg,"[1521, 116]","[1440, 900]"
p07/day15/0180.jpg,"[1897, 264]","[1440, 900]"
p07/day15/0183.jpg,"[1810, 779]","[1440, 900]"
p07/day15/0185.jpg,"[1544, 889]","[1440, 900]"
p07/day15/0190.jpg,"[1479, 453]","[1440, 900]"
p07/day15/0193.jpg,"[1770, 1061]","[1440, 900]"
p07/day15/0198.jpg,"[1601, 246]","[1440, 900]"
p07/day15/0201.jpg,"[282, 1011]","[1440, 900]"
p07/day15/0204.jpg,"[1520, 820]","[1440, 900]"
p07/day15/0207.jpg,"[1537, 964]","[1440, 900]"
p07/day15/0209.jpg,"[1702, 110]","[1440, 900]"
p07/day15/0210.jpg,"[640, 1072]","[1440, 900]"
p07/day15/0212.jpg,"[505, 914]","[1440, 900]"
p07/day15/0215.jpg,"[1281, 1014]","[1440, 900]"
p07/day15/0216.jpg,"[1686, 96]","[1440, 900]"
p07/day15/0220.jpg,"[1453, 101]","[1440, 900]"
p07/day15/0228.jpg,"[1603, 283]","[1440, 900]"
p07/day15/0230.jpg,"[1479, 308]","[1440, 900]"
p07/day15/0239.jpg,"[1905, 352]","[1440, 900]"
p07/day15/0244.jpg,"[1896, 610]","[1440, 900]"
p07/day15/0245.jpg,"[839, 1000]","[1440, 900]"
p07/day15/0247.jpg,"[1717, 679]","[1440, 900]"
p07/day15/0249.jpg,"[1815, 301]","[1440, 900]"
p07/day15/0255.jpg,"[1669, 468]","[1440, 900]"
p07/day15/0257.jpg,"[1831, 181]","[1440, 900]"
p07/day15/0259.jpg,"[307, 924]","[1440, 900]"
p07/day15/0260.jpg,"[971, 903]","[1440, 900]"
p07/day15/0263.jpg,"[1599, 378]","[1440, 900]"
p07/day15/0266.jpg,"[1524, 609]","[1440, 900]"
p07/day15/0267.jpg,"[40, 1030]","[1440, 900]"
p07/day15/0268.jpg,"[1517, 788]","[1440, 900]"
p07/day15/0269.jpg,"[1565, 797]","[1440, 900]"
p07/day15/0272.jpg,"[1685, 996]","[1440, 900]"
p07/day15/0273.jpg,"[573, 1059]","[1440, 900]"
p07/day15/0279.jpg,"[1579, 174]","[1440, 900]"
p07/day17/0004.jpg,"[989, 1073]","[1440, 900]"
p07/day17/0008.jpg,"[1680, 646]","[1440, 900]"
p07/day17/0009.jpg,"[1588, 354]","[1440, 900]"
p07/day17/0014.jpg,"[1339, 912]","[1440, 900]"
p07/day17/0021.jpg,"[567, 1008]","[1440, 900]"
p07/day17/0025.jpg,"[1633, 681]","[1440, 900]"
p07/day17/0026.jpg,"[1588, 583]","[1440, 900]"
p07/day17/0027.jpg,"[1830, 578]","[1440, 900]"
p07/day17/0035.jpg,"[1501, 893]","[1440, 900]"
p07/day17/0036.jpg,"[5, 907]","[1440, 900]"
p07/day17/0037.jpg,"[1721, 104]","[1440, 900]"
p07/day17/0038.jpg,"[204, 927]","[1440, 900]"
p07/day17/0041.jpg,"[1764, 385]","[1440, 900]"
p07/day17/0042.jpg,"[1803, 975]","[1440, 900]"
p07/day17/0051.jpg,"[1450, 261]","[1440, 900]"
p07/day17/0055.jpg,"[1860, 26]","[1440, 900]"
p07/day17/0056.jpg,"[1641, 921]","[1440, 900]"
p07/day17/0062.jpg,"[1716, 911]","[1440, 900]"
p07/day17/0065.jpg,"[794, 992]","[1440, 900]"
p07/day17/0068.jpg,"[1687, 1053]","[1440, 900]"
p07/day17/0072.jpg,"[1578, 653]","[1440, 900]"
p07/day17/0073.jpg,"[1634, 1047]","[1440, 900]"
p07/day17/0074.jpg,"[1914, 323]","[1440, 900]"
p07/day17/0077.jpg,"[572, 995]","[1440, 900]"
p07/day17/0078.jpg,"[1667, 589]","[1440, 900]"
p07/day17/0080.jpg,"[1868, 980]","[1440, 900]"
p07/day17/0082.jpg,"[1610, 719]","[1440, 900]"
p07/day17/0086.jpg,"[1296, 1057]","[1440, 900]"
p07/day17/0090.jpg,"[1006, 1038]","[1440, 900]"
p07/day17/0091.jpg,"[131, 1071]","[1440, 900]"
p07/day17/0094.jpg,"[1112, 1017]","[1440, 900]"
p07/day17/0097.jpg,"[1897, 948]","[1440, 900]"
p07/day17/0098.jpg,"[1621, 419]","[1440, 900]"
p07/day17/0099.jpg,"[1600, 721]","[1440, 900]"
p07/day17/0101.jpg,"[848, 1059]","[1440, 900]"
p07/day17/0107.jpg,"[121, 908]","[1440, 900]"
p07/day17/0114.jpg,"[1902, 614]","[1440, 900]"
p07/day17/0116.jpg,"[1761, 810]","[1440, 900]"
p07/day17/0117.jpg,"[711, 962]","[1440, 900]"
p07/day17/0121.jpg,"[1581, 777]","[1440, 900]"
p07/day17/0123.jpg,"[1887, 119]","[1440, 900]"
p07/day17/0131.jpg,"[1239, 913]","[1440, 900]"
p07/day17/0134.jpg,"[1577, 311]","[1440, 900]"
p07/day17/0135.jpg,"[1309, 969]","[1440, 900]"
p07/day17/0140.jpg,"[1468, 144]","[1440, 900]"
p07/day17/0144.jpg,"[829, 938]","[1440, 900]"
p07/day17/0145.jpg,"[653, 934]","[1440, 900]"
p07/day17/0152.jpg,"[1080, 1002]","[1440, 900]"
p07/day17/0154.jpg,"[1454, 709]","[1440, 900]"
p07/day17/0156.jpg,"[1630, 447]","[1440, 900]"
p07/day17/0158.jpg,"[972, 926]","[1440, 900]"
p07/day19/0001.jpg,"[469, 1048]","[1440, 900]"
p07/day19/0002.jpg,"[1682, 406]","[1440, 900]"
p07/day19/0003.jpg,"[687, 954]","[1440, 900]"
p07/day19/0006.jpg,"[1067, 905]","[1440, 900]"
p07/day19/0015.jpg,"[83, 1078]","[1440, 900]"
p07/day19/0020.jpg,"[1594, 664]","[1440, 900]"
p07/day19/0021.jpg,"[1666, 192]","[1440, 900]"
p07/day19/0024.jpg,"[1901, 341]","[1440, 900]"
p07/day19/0026.jpg,"[1837, 114]","[1440, 900]"
p07/day19/0028.jpg,"[1838, 282]","[1440, 900]"
p07/day19/0030.jpg,"[1672, 780]","[1440, 900]"
p07/day19/0032.jpg,"[1651, 385]","[1440, 900]"
p07/day19/0034.jpg,"[1891, 442]","[1440, 900]"
p07/day19/0035.jpg,"[1652, 549]","[1440, 900]"
p07/day19/0036.jpg,"[1719, 245]","[1440, 900]"
p07/day19/0037.jpg,"[1627, 492]","[1440, 900]"
p07/day19/0039.jpg,"[607, 953]","[1440, 900]"
p07/day19/0040.jpg,"[1840, 732]","[1440, 900]"
p07/day19/0042.jpg,"[1036, 1079]","[1440, 900]"
p07/day19/0043.jpg,"[1187, 1043]","[1440, 900]"
p07/day19/0045.jpg,"[1568, 163]","[1440, 900]"
p07/day19/0046.jpg,"[156, 921]","[1440, 900]"
p07/day19/0047.jpg,"[1778, 118]","[1440, 900]"
p07/day19/0051.jpg,"[1762, 449]","[1440, 900]"
p07/day19/0056.jpg,"[1668, 1057]","[1440, 900]"
p07/day19/0058.jpg,"[1127, 925]","[1440, 900]"
p07/day19/0059.jpg,"[168, 977]","[1440, 900]"
p07/day19/0063.jpg,"[1618, 849]","[1440, 900]"
p07/day19/0064.jpg,"[1676, 822]","[1440, 900]"
p07/day19/0066.jpg,"[1825, 490]","[1440, 900]"
p07/day19/0068.jpg,"[1511, 536]","[1440, 900]"
p07/day19/0069.jpg,"[1844, 348]","[1440, 900]"
p07/day19/0071.jpg,"[1360, 934]","[1440, 900]"
p07/day19/0072.jpg,"[1293, 941]","[1440, 900]"
p07/day19/0073.jpg,"[1255, 1058]","[1440, 900]"
p07/day19/0082.jpg,"[1501, 1028]","[1440, 900]"
p07/day19/0087.jpg,"[739, 1045]","[1440, 900]"
p07/day19/0089.jpg,"[1583, 146]","[1440, 900]"
p07/day19/0091.jpg,"[1652, 717]","[1440, 900]"
p07/day19/0098.jpg,"[1611, 363]","[1440, 900]"
p07/day19/0099.jpg,"[1732, 776]","[1440, 900]"
p07/day19/0102.jpg,"[1463, 780]","[1440, 900]"
p07/day19/0103.jpg,"[1568, 296]","[1440, 900]"
p07/day19/0107.jpg,"[1607, 582]","[1440, 900]"
p07/day19/0115.jpg,"[1453, 493]","[1440, 900]"
p07/day19/0118.jpg,"[297, 960]","[1440, 900]"
p07/day19/0119.jpg,"[1717, 365]","[1440, 900]"
p07/day19/0123.jpg,"[1687, 999]","[1440, 900]"
p07/day19/0131.jpg,"[1613, 110]","[1440, 900]"
p07/day19/0134.jpg,"[1258, 922]","[1440, 900]"
p07/day19/0135.jpg,"[1539, 1043]","[1440, 900]"
p07/day19/0136.jpg,"[1568, 565]","[1440, 900]"
p07/day19/0137.jpg,"[1835, 858]","[1440, 900]"
p07/day19/0138.jpg,"[389, 1052]","[1440, 900]"
p07/day19/0142.jpg,"[1578, 654]","[1440, 900]"
p07/day19/0151.jpg,"[1879, 673]","[1440, 900]"
p07/day19/0153.jpg,"[1543, 561]","[1440, 900]"
p07/day19/0154.jpg,"[950, 985]","[1440, 900]"
p07/day19/0155.jpg,"[1587, 91]","[1440, 900]"
p07/day19/0157.jpg,"[1780, 817]","[1440, 900]"
p07/day19/0158.jpg,"[1841, 834]","[1440, 900]"
p07/day19/0163.jpg,"[1571, 736]","[1440, 900]"
p07/day19/0166.jpg,"[1489, 991]","[1440, 900]"
p07/day19/0168.jpg,"[1676, 583]","[1440, 900]"
p07/day19/0169.jpg,"[198, 907]","[1440, 900]"
p07/day19/0173.jpg,"[1749, 588]","[1440, 900]"
p07/day19/0176.jpg,"[1610, 143]","[1440, 900]"
p07/day19/0180.jpg,"[1127, 972]","[1440, 900]"
p07/day19/0183.jpg,"[22, 1039]","[1440, 900]"
p07/day19/0185.jpg,"[1709, 257]","[1440, 900]"
p07/day19/0187.jpg,"[16, 1020]","[1440, 900]"
p07/day19/0195.jpg,"[1758, 473]","[1440, 900]"
p07/day19/0202.jpg,"[1371, 921]","[1440, 900]"
p07/day19/0204.jpg,"[10, 1017]","[1440, 900]"
p07/day19/0212.jpg,"[1121, 952]","[1440, 900]"
p07/day19/0213.jpg,"[1647, 316]","[1440, 900]"
p07/day19/0216.jpg,"[1601, 214]","[1440, 900]"
p07/day19/0218.jpg,"[641, 1060]","[1440, 900]"
p07/day19/0219.jpg,"[1575, 113]","[1440, 900]"
p07/day19/0220.jpg,"[1840, 299]","[1440, 900]"
p07/day19/0222.jpg,"[1137, 941]","[1440, 900]"
p07/day19/0223.jpg,"[1778, 864]","[1440, 900]"
p07/day19/0224.jpg,"[1872, 1022]","[1440, 900]"
p07/day19/0225.jpg,"[1739, 106]","[1440, 900]"
p07/day19/0230.jpg,"[1630, 738]","[1440, 900]"
p07/day19/0232.jpg,"[1804, 853]","[1440, 900]"
p07/day19/0234.jpg,"[1276, 941]","[1440, 900]"
p07/day19/0238.jpg,"[1915, 324]","[1440, 900]"
p07/day19/0242.jpg,"[540, 1079]","[1440, 900]"
p07/day19/0244.jpg,"[1664, 885]","[1440, 900]"
p07/day19/0249.jpg,"[1520, 545]","[1440, 900]"
p07/day19/0250.jpg,"[1002, 1019]","[1440, 900]"
p07/day19/0252.jpg,"[99, 1046]","[1440, 900]"
p07/day19/0253.jpg,"[1521, 494]","[1440, 900]"
p07/day19/0255.jpg,"[643, 1019]","[1440, 900]"
p07/day19/0256.jpg,"[1626, 506]","[1440, 900]"
p07/day19/0257.jpg,"[993, 1074]","[1440, 900]"
p07/day19/0258.jpg,"[1584, 145]","[1440, 900]"
p07/day19/0259.jpg,"[1686, 866]","[1440, 900]"
p07/day19/0268.jpg,"[939, 958]","[1440, 900]"
p07/day19/0270.jpg,"[1424, 911]","[1440, 900]"
p07/day19/0271.jpg,"[1631, 356]","[1440, 900]"
p07/day19/0273.jpg,"[1129, 936]","[1440, 900]"
p07/day19/0274.jpg,"[1511, 740]","[1440, 900]"
p07/day19/0275.jpg,"[1452, 608]","[1440, 900]"
p07/day19/0276.jpg,"[1605, 232]","[1440, 900]"
p07/day19/0278.jpg,"[1867, 280]","[1440, 900]"
p07/day19/0288.jpg,"[23, 917]","[1440, 900]"
p07/day19/0292.jpg,"[1851, 156]","[1440, 900]"
p07/day19/0295.jpg,"[1681, 322]","[1440, 900]"
p07/day19/0309.jpg,"[812, 962]","[1440, 900]"
p07/day19/0310.jpg,"[1704, 141]","[1440, 900]"
p07/day19/0312.jpg,"[1733, 121]","[1440, 900]"
p07/day19/0313.jpg,"[1602, 672]","[1440, 900]"
p07/day19/0318.jpg,"[1679, 209]","[1440, 900]"
p07/day19/0320.jpg,"[1030, 1037]","[1440, 900]"
p07/day19/0326.jpg,"[188, 1009]","[1440, 900]"
p07/day19/0327.jpg,"[1605, 379]","[1440, 900]"
p07/day19/0328.jpg,"[224, 921]","[1440, 900]"
p07/day19/0335.jpg,"[489, 945]","[1440, 900]"
p07/day19/0342.jpg,"[1861, 1062]","[1440, 900]"
p07/day19/0344.jpg,"[474, 994]","[1440, 900]"
p07/day19/0347.jpg,"[1289, 1033]","[1440, 900]"
p07/day19/0348.jpg,"[933, 983]","[1440, 900]"
p07/day19/0353.jpg,"[1673, 263]","[1440, 900]"
p07/day19/0356.jpg,"[628, 1035]","[1440, 900]"
p07/day19/0367.jpg,"[1817, 104]","[1440, 900]"
p07/day19/0368.jpg,"[1517, 535]","[1440, 900]"
p07/day19/0369.jpg,"[1893, 106]","[1440, 900]"
p07/day19/0382.jpg,"[1840, 389]","[1440, 900]"
p07/day19/0388.jpg,"[1911, 106]","[1440, 900]"
p07/day19/0390.jpg,"[1782, 674]","[1440, 900]"
p07/day19/0395.jpg,"[1890, 614]","[1440, 900]"
p07/day19/0399.jpg,"[1553, 337]","[1440, 900]"
p07/day19/0400.jpg,"[1891, 1006]","[1440, 900]"
p07/day21/0002.jpg,"[1879, 385]","[1440, 900]"
p07/day21/0003.jpg,"[1637, 615]","[1440, 900]"
p07/day21/0004.jpg,"[813, 923]","[1440, 900]"
p07/day21/0006.jpg,"[1545, 1058]","[1440, 900]"
p07/day21/0007.jpg,"[462, 1015]","[1440, 900]"
p07/day21/0010.jpg,"[1751, 557]","[1440, 900]"
p07/day21/0015.jpg,"[1822, 22]","[1440, 900]"
p07/day21/0018.jpg,"[1420, 957]","[1440, 900]"
p07/day21/0019.jpg,"[1456, 514]","[1440, 900]"
p07/day21/0020.jpg,"[1460, 1023]","[1440, 900]"
p07/day21/0021.jpg,"[1821, 636]","[1440, 900]"
p07/day21/0023.jpg,"[1652, 429]","[1440, 900]"
p07/day21/0029.jpg,"[1712, 137]","[1440, 900]"
p07/day21/0032.jpg,"[1907, 8]","[1440, 900]"
p07/day21/0038.jpg,"[1677, 55]","[1440, 900]"
p07/day21/0041.jpg,"[1472, 935]","[1440, 900]"
p07/day21/0042.jpg,"[1692, 1070]","[1440, 900]"
p07/day21/0045.jpg,"[328, 906]","[1440, 900]"
p07/day21/0049.jpg,"[1833, 876]","[1440, 900]"
p07/day21/0050.jpg,"[1631, 411]","[1440, 900]"
p07/day21/0051.jpg,"[1642, 762]","[1440, 900]"
p07/day21/0053.jpg,"[1355, 1047]","[1440, 900]"
p07/day21/0059.jpg,"[411, 961]","[1440, 900]"
p07/day23/0002.jpg,"[569, 1066]","[1440, 900]"
p07/day23/0008.jpg,"[1755, 551]","[1440, 900]"
p07/day23/0013.jpg,"[1903, 123]","[1440, 900]"
p07/day23/0016.jpg,"[1374, 911]","[1440, 900]"
p07/day23/0017.jpg,"[1821, 1054]","[1440, 900]"
p07/day23/0020.jpg,"[1607, 128]","[1440, 900]"
p07/day23/0028.jpg,"[1609, 737]","[1440, 900]"
p07/day23/0030.jpg,"[426, 907]","[1440, 900]"
p07/day23/0032.jpg,"[1458, 68]","[1440, 900]"
p07/day23/0033.jpg,"[1275, 1037]","[1440, 900]"
p07/day23/0040.jpg,"[1874, 941]","[1440, 900]"
p07/day23/0043.jpg,"[1642, 585]","[1440, 900]"
p07/day23/0044.jpg,"[1535, 585]","[1440, 900]"
p07/day23/0046.jpg,"[42, 1027]","[1440, 900]"
p07/day23/0047.jpg,"[1406, 1005]","[1440, 900]"
p07/day23/0048.jpg,"[1165, 1070]","[1440, 900]"
p07/day23/0055.jpg,"[1556, 500]","[1440, 900]"
p07/day23/0061.jpg,"[676, 927]","[1440, 900]"
p07/day23/0062.jpg,"[521, 1076]","[1440, 900]"
p07/day23/0063.jpg,"[1883, 16]","[1440, 900]"
p07/day23/0066.jpg,"[737, 1028]","[1440, 900]"
p07/day23/0068.jpg,"[1623, 600]","[1440, 900]"
p07/day23/0070.jpg,"[1610, 671]","[1440, 900]"
p07/day23/0073.jpg,"[1915, 713]","[1440, 900]"
p07/day23/0074.jpg,"[1744, 771]","[1440, 900]"
p07/day23/0078.jpg,"[1724, 511]","[1440, 900]"
p07/day23/0079.jpg,"[1562, 777]","[1440, 900]"
p07/day23/0081.jpg,"[1901, 133]","[1440, 900]"
p07/day23/0087.jpg,"[1331, 1010]","[1440, 900]"
p07/day23/0088.jpg,"[1466, 32]","[1440, 900]"
p07/day23/0090.jpg,"[1263, 1003]","[1440, 900]"
p07/day23/0100.jpg,"[1817, 591]","[1440, 900]"
p07/day38/0003.jpg,"[1835, 285]","[1440, 900]"
p07/day38/0006.jpg,"[1910, 350]","[1440, 900]"
p07/day38/0007.jpg,"[1545, 922]","[1440, 900]"
p07/day38/0011.jpg,"[503, 973]","[1440, 900]"
p07/day38/0014.jpg,"[1527, 261]","[1440, 900]"
p07/day38/0017.jpg,"[1626, 596]","[1440, 900]"
p07/day38/0018.jpg,"[670, 996]","[1440, 900]"
p07/day38/0023.jpg,"[1485, 993]","[1440, 900]"
p07/day38/0025.jpg,"[1821, 679]","[1440, 900]"
p07/day38/0029.jpg,"[1747, 17]","[1440, 900]"
p07/day38/0033.jpg,"[546, 985]","[1440, 900]"
p07/day38/0035.jpg,"[1799, 1]","[1440, 900]"
p07/day38/0036.jpg,"[1488, 606]","[1440, 900]"
p07/day38/0037.jpg,"[1492, 264]","[1440, 900]"
p07/day38/0038.jpg,"[1885, 579]","[1440, 900]"
p07/day38/0040.jpg,"[106, 1054]","[1440, 900]"
p07/day38/0045.jpg,"[1466, 388]","[1440, 900]"
p07/day38/0046.jpg,"[1674, 875]","[1440, 900]"
p07/day38/0047.jpg,"[1446, 127]","[1440, 900]"
p07/day38/0049.jpg,"[1538, 316]","[1440, 900]"
p07/day38/0051.jpg,"[1609, 283]","[1440, 900]"
p07/day38/0054.jpg,"[1827, 1013]","[1440, 900]"
p07/day38/0056.jpg,"[585, 934]","[1440, 900]"
p07/day38/0060.jpg,"[1878, 750]","[1440, 900]"
p07/day38/0063.jpg,"[1459, 267]","[1440, 900]"
p07/day38/0065.jpg,"[290, 922]","[1440, 900]"
p07/day38/0071.jpg,"[1260, 999]","[1440, 900]"
p07/day38/0072.jpg,"[1794, 1053]","[1440, 900]"
p07/day38/0077.jpg,"[1703, 343]","[1440, 900]"
p07/day38/0079.jpg,"[1551, 569]","[1440, 900]"
p07/day38/0082.jpg,"[1865, 773]","[1440, 900]"
p07/day38/0083.jpg,"[1727, 1]","[1440, 900]"
p07/day38/0085.jpg,"[1198, 938]","[1440, 900]"
p07/day38/0086.jpg,"[1252, 1076]","[1440, 900]"
p07/day38/0087.jpg,"[1607, 1016]","[1440, 900]"
p07/day38/0088.jpg,"[1815, 824]","[1440, 900]"
p07/day38/0089.jpg,"[1494, 944]","[1440, 900]"
p07/day38/0090.jpg,"[245, 1045]","[1440, 900]"
p07/day38/0098.jpg,"[1780, 513]","[1440, 900]"
p07/day38/0101.jpg,"[1673, 918]","[1440, 900]"
p07/day38/0105.jpg,"[1840, 688]","[1440, 900]"
p07/day38/0106.jpg,"[1768, 770]","[1440, 900]"
p07/day38/0108.jpg,"[1851, 45]","[1440, 900]"
p07/day38/0110.jpg,"[1835, 460]","[1440, 900]"
p07/day38/0112.jpg,"[1548, 166]","[1440, 900]"
p07/day38/0115.jpg,"[1634, 194]","[1440, 900]"
p07/day38/0116.jpg,"[1796, 302]","[1440, 900]"
p07/day38/0119.jpg,"[669, 1000]","[1440, 900]"
p07/day38/0120.jpg,"[1671, 433]","[1440, 900]"
p07/day38/0121.jpg,"[1827, 411]","[1440, 900]"
p07/day38/0129.jpg,"[1691, 289]","[1440, 900]"
p07/day38/0132.jpg,"[1504, 238]","[1440, 900]"
p07/day38/0134.jpg,"[1890, 660]","[1440, 900]"
p07/day38/0137.jpg,"[1777, 233]","[1440, 900]"
p07/day38/0139.jpg,"[1499, 165]","[1440, 900]"
p07/day38/0140.jpg,"[1560, 501]","[1440, 900]"
p07/day38/0142.jpg,"[1496, 600]","[1440, 900]"
p07/day38/0146.jpg,"[936, 997]","[1440, 900]"
p07/day38/0148.jpg,"[278, 1053]","[1440, 900]"
p07/day38/0157.jpg,"[920, 915]","[1440, 900]"
p07/day38/0162.jpg,"[614, 978]","[1440, 900]"
p07/day38/0169.jpg,"[1525, 754]","[1440, 900]"
p07/day38/0171.jpg,"[1877, 727]","[1440, 900]"
p07/day38/0172.jpg,"[833, 910]","[1440, 900]"
p07/day38/0175.jpg,"[1784, 785]","[1440, 900]"
p07/day38/0176.jpg,"[601, 974]","[1440, 900]"
p07/day38/0178.jpg,"[1548, 925]","[1440, 900]"
p07/day38/0180.jpg,"[457, 953]","[1440, 900]"
p07/day38/0183.jpg,"[77, 1055]","[1440, 900]"
p07/day38/0187.jpg,"[1604, 48]","[1440, 900]"
p07/day38/0188.jpg,"[1712, 1024]","[1440, 900]"
p07/day38/0189.jpg,"[1889, 197]","[1440, 900]"
p07/day38/0190.jpg,"[1700, 363]","[1440, 900]"
p07/day38/0194.jpg,"[1556, 488]","[1440, 900]"
p07/day38/0197.jpg,"[1569, 166]","[1440, 900]"
p07/day38/0200.jpg,"[1710, 602]","[1440, 900]"
p07/day38/0202.jpg,"[2, 967]","[1440, 900]"
p07/day38/0208.jpg,"[945, 933]","[1440, 900]"
p07/day38/0210.jpg,"[1521, 44]","[1440, 900]"
p07/day38/0212.jpg,"[1857, 829]","[1440, 900]"
p07/day38/0214.jpg,"[1496, 102]","[1440, 900]"
p07/day38/0215.jpg,"[1876, 787]","[1440, 900]"
p07/day38/0218.jpg,"[1679, 929]","[1440, 900]"
p07/day38/0220.jpg,"[1488, 486]","[1440, 900]"
p07/day38/0221.jpg,"[1725, 462]","[1440, 900]"
p07/day38/0223.jpg,"[1635, 552]","[1440, 900]"
p07/day38/0226.jpg,"[445, 935]","[1440, 900]"
p07/day38/0229.jpg,"[1812, 140]","[1440, 900]"
p07/day38/0231.jpg,"[742, 1064]","[1440, 900]"
p07/day38/0237.jpg,"[1722, 979]","[1440, 900]"
p07/day38/0239.jpg,"[1457, 484]","[1440, 900]"
p07/day38/0240.jpg,"[283, 903]","[1440, 900]"
p07/day38/0241.jpg,"[1505, 617]","[1440, 900]"
p07/day38/0244.jpg,"[1574, 384]","[1440, 900]"
p07/day38/0249.jpg,"[1549, 894]","[1440, 900]"
p07/day38/0250.jpg,"[1481, 500]","[1440, 900]"
p07/day38/0254.jpg,"[1889, 893]","[1440, 900]"
p07/day38/0255.jpg,"[614, 1046]","[1440, 900]"
p07/day38/0256.jpg,"[1559, 562]","[1440, 900]"
p07/day38/0257.jpg,"[1877, 190]","[1440, 900]"
p07/day38/0259.jpg,"[962, 981]","[1440, 900]"
p07/day38/0261.jpg,"[96, 911]","[1440, 900]"
p07/day38/0262.jpg,"[1266, 926]","[1440, 900]"
p07/day38/0266.jpg,"[1870, 128]","[1440, 900]"
p07/day38/0267.jpg,"[1728, 168]","[1440, 900]"
p07/day38/0270.jpg,"[1653, 298]","[1440, 900]"
p07/day38/0271.jpg,"[849, 940]","[1440, 900]"
p07/day38/0273.jpg,"[1797, 43]","[1440, 900]"
p07/day38/0277.jpg,"[673, 961]","[1440, 900]"
p07/day38/0280.jpg,"[775, 976]","[1440, 900]"
p07/day38/0286.jpg,"[379, 1031]","[1440, 900]"
p07/day38/0290.jpg,"[1847, 175]","[1440, 900]"
p07/day38/0291.jpg,"[1808, 599]","[1440, 900]"
p07/day38/0292.jpg,"[1689, 106]","[1440, 900]"
p07/day38/0295.jpg,"[939, 1054]","[1440, 900]"
p07/day38/0300.jpg,"[80, 1029]","[1440, 900]"
p07/day38/0301.jpg,"[1720, 579]","[1440, 900]"
p07/day38/0302.jpg,"[1878, 427]","[1440, 900]"
p07/day38/0311.jpg,"[1627, 740]","[1440, 900]"
p07/day38/0314.jpg,"[1802, 1059]","[1440, 900]"
p07/day38/0319.jpg,"[1295, 965]","[1440, 900]"
p07/day38/0320.jpg,"[1750, 237]","[1440, 900]"
p07/day38/0326.jpg,"[1585, 438]","[1440, 900]"
p07/day38/0328.jpg,"[687, 1011]","[1440, 900]"
p07/day38/0329.jpg,"[1856, 516]","[1440, 900]"
p07/day38/0333.jpg,"[1830, 199]","[1440, 900]"
p07/day38/0335.jpg,"[1377, 923]","[1440, 900]"
p07/day38/0336.jpg,"[1732, 906]","[1440, 900]"
p07/day38/0342.jpg,"[1636, 59]","[1440, 900]"
p07/day38/0343.jpg,"[1811, 418]","[1440, 900]"
p07/day38/0346.jpg,"[1482, 871]","[1440, 900]"
p07/day38/0348.jpg,"[1778, 337]","[1440, 900]"
p07/day38/0349.jpg,"[325, 1004]","[1440, 900]"
p07/day38/0353.jpg,"[1521, 247]","[1440, 900]"
p07/day38/0359.jpg,"[236, 957]","[1440, 900]"
p07/day38/0362.jpg,"[1560, 305]","[1440, 900]"
p07/day38/0365.jpg,"[1848, 417]","[1440, 900]"
p07/day38/0367.jpg,"[1756, 952]","[1440, 900]"
p07/day38/0375.jpg,"[1020, 912]","[1440, 900]"
p07/day38/0376.jpg,"[1731, 16]","[1440, 900]"
p07/day38/0380.jpg,"[449, 926]","[1440, 900]"
p07/day38/0381.jpg,"[1651, 1025]","[1440, 900]"
p07/day38/0382.jpg,"[1264, 960]","[1440, 900]"
p07/day38/0388.jpg,"[1593, 156]","[1440, 900]"
p07/day38/0392.jpg,"[296, 1052]","[1440, 900]"
p07/day38/0393.jpg,"[1871, 491]","[1440, 900]"
p07/day38/0394.jpg,"[1563, 934]","[1440, 900]"
p07/day38/0395.jpg,"[328, 1014]","[1440, 900]"
p07/day38/0397.jpg,"[1563, 815]","[1440, 900]"
p07/day38/0398.jpg,"[1603, 204]","[1440, 900]"
p07/day38/0402.jpg,"[1240, 1051]","[1440, 900]"
p07/day38/0403.jpg,"[1847, 665]","[1440, 900]"
p07/day38/0404.jpg,"[1627, 975]","[1440, 900]"
p07/day38/0410.jpg,"[67, 948]","[1440, 900]"
p07/day38/0411.jpg,"[1713, 728]","[1440, 900]"
p07/day38/0414.jpg,"[1520, 579]","[1440, 900]"
p07/day38/0415.jpg,"[1755, 920]","[1440, 900]"
p07/day38/0418.jpg,"[1642, 717]","[1440, 900]"
p07/day38/0419.jpg,"[1740, 103]","[1440, 900]"
p07/day38/0423.jpg,"[1715, 873]","[1440, 900]"
p07/day38/0424.jpg,"[1549, 683]","[1440, 900]"
p07/day38/0425.jpg,"[1468, 974]","[1440, 900]"
p07/day38/0430.jpg,"[1514, 224]","[1440, 900]"
p07/day38/0435.jpg,"[1493, 87]","[1440, 900]"
p07/day38/0439.jpg,"[1569, 224]","[1440, 900]"
p07/day38/0441.jpg,"[682, 1039]","[1440, 900]"
p07/day38/0446.jpg,"[588, 987]","[1440, 900]"
p07/day38/0447.jpg,"[1628, 296]","[1440, 900]"
p07/day38/0448.jpg,"[604, 958]","[1440, 900]"
p07/day38/0449.jpg,"[1381, 971]","[1440, 900]"
p07/day38/0451.jpg,"[1557, 1045]","[1440, 900]"
p07/day38/0452.jpg,"[1584, 773]","[1440, 900]"
p07/day38/0455.jpg,"[60, 977]","[1440, 900]"
p07/day38/0457.jpg,"[1032, 967]","[1440, 900]"
p07/day38/0459.jpg,"[692, 1018]","[1440, 900]"
p07/day38/0461.jpg,"[1589, 995]","[1440, 900]"
p07/day38/0462.jpg,"[346, 1067]","[1440, 900]"
p07/day38/0465.jpg,"[1889, 1032]","[1440, 900]"
p07/day38/0467.jpg,"[73, 935]","[1440, 900]"
p07/day38/0469.jpg,"[1718, 218]","[1440, 900]"
p07/day38/0474.jpg,"[1516, 106]","[1440, 900]"
p07/day38/0478.jpg,"[1522, 28]","[1440, 900]"
p07/day38/0482.jpg,"[1450, 300]","[1440, 900]"
p07/day38/0484.jpg,"[1812, 724]","[1440, 900]"
p07/day38/0485.jpg,"[1678, 396]","[1440, 900]"
p07/day38/0490.jpg,"[1906, 655]","[1440, 900]"
p07/day38/0491.jpg,"[1550, 537]","[1440, 900]"
p07/day38/0493.jpg,"[1854, 136]","[1440, 900]"
p07/day38/0494.jpg,"[1539, 158]","[1440, 900]"
p07/day38/0496.jpg,"[1586, 504]","[1440, 900]"
p07/day38/0498.jpg,"[193, 1028]","[1440, 900]"
p07/day38/0501.jpg,"[1862, 416]","[1440, 900]"
p07/day38/0502.jpg,"[1725, 569]","[1440, 900]"
p07/day38/0503.jpg,"[411, 914]","[1440, 900]"
p07/day38/0506.jpg,"[1882, 361]","[1440, 900]"
p07/day38/0507.jpg,"[1718, 685]","[1440, 900]"
p07/day38/0508.jpg,"[1435, 1057]","[1440, 900]"
p07/day38/0511.jpg,"[1486, 49]","[1440, 900]"
p07/day38/0512.jpg,"[911, 948]","[1440, 900]"
p07/day38/0515.jpg,"[1851, 503]","[1440, 900]"
p07/day38/0516.jpg,"[573, 916]","[1440, 900]"
p07/day38/0519.jpg,"[378, 967]","[1440, 900]"
p07/day38/0521.jpg,"[1734, 680]","[1440, 900]"
p07/day38/0522.jpg,"[1760, 315]","[1440, 900]"
p07/day38/0532.jpg,"[1785, 116]","[1440, 900]"
p07/day38/0533.jpg,"[1473, 94]","[1440, 900]"
p07/day38/0535.jpg,"[25, 910]","[1440, 900]"
p07/day38/0536.jpg,"[1598, 56]","[1440, 900]"
p07/day38/0538.jpg,"[851, 926]","[1440, 900]"
p07/day47/0637.jpg,"[1022, 1049]","[1440, 900]"
p07/day47/0640.jpg,"[1172, 917]","[1440, 900]"
p07/day47/0643.jpg,"[904, 1010]","[1440, 900]"
p07/day47/0644.jpg,"[1580, 262]","[1440, 900]"
p07/day47/0645.jpg,"[345, 1051]","[1440, 900]"
p07/day47/0646.jpg,"[408, 968]","[1440, 900]"
p07/day47/0648.jpg,"[997, 902]","[1440, 900]"
p07/day47/0649.jpg,"[1856, 536]","[1440, 900]"
p07/day47/0651.jpg,"[1552, 201]","[1440, 900]"
p07/day47/0654.jpg,"[1591, 87]","[1440, 900]"
p07/day47/0658.jpg,"[1699, 335]","[1440, 900]"
p07/day47/0661.jpg,"[336, 999]","[1440, 900]"
p07/day47/0664.jpg,"[1614, 668]","[1440, 900]"
p07/day47/0666.jpg,"[806, 985]","[1440, 900]"
p07/day47/0669.jpg,"[1869, 978]","[1440, 900]"
p07/day47/0670.jpg,"[443, 1029]","[1440, 900]"
p07/day47/0673.jpg,"[1026, 1065]","[1440, 900]"
p07/day47/0677.jpg,"[1135, 982]","[1440, 900]"
p07/day47/0678.jpg,"[1222, 995]","[1440, 900]"
p07/day47/0679.jpg,"[422, 936]","[1440, 900]"
p07/day47/0681.jpg,"[1786, 561]","[1440, 900]"
p07/day47/0686.jpg,"[1768, 337]","[1440, 900]"
p07/day47/0687.jpg,"[1619, 807]","[1440, 900]"
p07/day47/0690.jpg,"[1767, 283]","[1440, 900]"
p07/day47/0694.jpg,"[1757, 186]","[1440, 900]"
p07/day47/0695.jpg,"[1703, 412]","[1440, 900]"
p07/day47/0696.jpg,"[1618, 672]","[1440, 900]"
p07/day47/0697.jpg,"[1859, 295]","[1440, 900]"
p07/day47/0698.jpg,"[1247, 991]","[1440, 900]"
p07/day47/0699.jpg,"[793, 1006]","[1440, 900]"
p07/day47/0702.jpg,"[276, 975]","[1440, 900]"
p07/day47/0703.jpg,"[760, 904]","[1440, 900]"
p07/day47/0707.jpg,"[1580, 236]","[1440, 900]"
p07/day47/0709.jpg,"[838, 1011]","[1440, 900]"
p07/day47/0713.jpg,"[635, 1049]","[1440, 900]"
p07/day47/0715.jpg,"[1489, 1031]","[1440, 900]"
p07/day47/0718.jpg,"[1745, 612]","[1440, 900]"
p07/day47/0724.jpg,"[1741, 411]","[1440, 900]"
p07/day47/0726.jpg,"[1568, 890]","[1440, 900]"
p07/day47/0732.jpg,"[1857, 414]","[1440, 900]"
p07/day47/0736.jpg,"[92, 938]","[1440, 900]"
p07/day47/0740.jpg,"[1797, 641]","[1440, 900]"
p07/day47/0743.jpg,"[1537, 622]","[1440, 900]"
p07/day47/0747.jpg,"[758, 1023]","[1440, 900]"
p07/day47/0749.jpg,"[1504, 497]","[1440, 900]"
p07/day47/0750.jpg,"[1483, 108]","[1440, 900]"
p07/day47/0751.jpg,"[1462, 182]","[1440, 900]"
p07/day47/0753.jpg,"[1555, 321]","[1440, 900]"
p07/day47/0756.jpg,"[869, 962]","[1440, 900]"
p07/day47/0760.jpg,"[1733, 421]","[1440, 900]"
p07/day47/0762.jpg,"[1442, 1037]","[1440, 900]"
p07/day47/0764.jpg,"[1252, 1035]","[1440, 900]"
p07/day47/0765.jpg,"[1478, 787]","[1440, 900]"
p07/day47/0768.jpg,"[1481, 215]","[1440, 900]"
p07/day47/0774.jpg,"[750, 1057]","[1440, 900]"
p07/day47/0778.jpg,"[1911, 976]","[1440, 900]"
p07/day47/0780.jpg,"[1459, 554]","[1440, 900]"
p07/day47/0793.jpg,"[834, 1040]","[1440, 900]"
p07/day47/0794.jpg,"[424, 1040]","[1440, 900]"
p07/day47/0795.jpg,"[1870, 1013]","[1440, 900]"
p07/day47/0797.jpg,"[1492, 720]","[1440, 900]"
p07/day47/0799.jpg,"[1657, 922]","[1440, 900]"
p07/day47/0803.jpg,"[1429, 1012]","[1440, 900]"
p07/day47/0810.jpg,"[1584, 990]","[1440, 900]"
p07/day47/0817.jpg,"[1066, 991]","[1440, 900]"
p07/day47/0818.jpg,"[1300, 1004]","[1440, 900]"
p07/day47/0819.jpg,"[1226, 1044]","[1440, 900]"
p07/day47/0820.jpg,"[381, 958]","[1440, 900]"
p07/day47/0822.jpg,"[951, 1064]","[1440, 900]"
p07/day47/0824.jpg,"[1111, 1077]","[1440, 900]"
p07/day47/0828.jpg,"[1052, 1023]","[1440, 900]"
p07/day47/0833.jpg,"[607, 929]","[1440, 900]"
p07/day47/0834.jpg,"[1651, 579]","[1440, 900]"
p07/day47/0835.jpg,"[1186, 966]","[1440, 900]"
p07/day47/0836.jpg,"[1671, 1053]","[1440, 900]"
p07/day47/0841.jpg,"[1540, 212]","[1440, 900]"
p07/day47/0844.jpg,"[1679, 162]","[1440, 900]"
p07/day47/0845.jpg,"[625, 1044]","[1440, 900]"
p07/day47/0846.jpg,"[1465, 778]","[1440, 900]"
p07/day47/0850.jpg,"[1572, 533]","[1440, 900]"
p07/day47/0854.jpg,"[380, 960]","[1440, 900]"
p07/day50/0181.jpg,"[818, 927]","[1440, 900]"
p07/day50/0187.jpg,"[1703, 323]","[1440, 900]"
p07/day50/0189.jpg,"[1618, 510]","[1440, 900]"
p07/day50/0191.jpg,"[1020, 1056]","[1440, 900]"
p07/day50/0193.jpg,"[1879, 152]","[1440, 900]"
p07/day50/0194.jpg,"[1885, 962]","[1440, 900]"
p07/day50/0200.jpg,"[1652, 367]","[1440, 900]"
p07/day50/0204.jpg,"[653, 970]","[1440, 900]"
p07/day50/0205.jpg,"[1447, 61]","[1440, 900]"
p07/day50/0207.jpg,"[1909, 135]","[1440, 900]"
p07/day50/0209.jpg,"[1557, 751]","[1440, 900]"
p07/day50/0215.jpg,"[1523, 501]","[1440, 900]"
p07/day50/0216.jpg,"[330, 994]","[1440, 900]"
p07/day50/0224.jpg,"[1605, 183]","[1440, 900]"
p07/day50/0227.jpg,"[1238, 1011]","[1440, 900]"
p07/day50/0233.jpg,"[1480, 233]","[1440, 900]"
p07/day50/0236.jpg,"[1461, 796]","[1440, 900]"
p07/day50/0237.jpg,"[1638, 636]","[1440, 900]"
p07/day50/0240.jpg,"[1804, 590]","[1440, 900]"
p07/day50/0242.jpg,"[1606, 730]","[1440, 900]"
p07/day50/0244.jpg,"[1008, 1012]","[1440, 900]"
p07/day50/0246.jpg,"[1722, 306]","[1440, 900]"
p07/day50/0247.jpg,"[1329, 1071]","[1440, 900]"
p07/day50/0248.jpg,"[1883, 928]","[1440, 900]"
p07/day50/0251.jpg,"[1710, 794]","[1440, 900]"
p07/day50/0256.jpg,"[1873, 455]","[1440, 900]"
p07/day50/0258.jpg,"[1633, 558]","[1440, 900]"
p07/day50/0259.jpg,"[1555, 881]","[1440, 900]"
p07/day50/0264.jpg,"[1871, 50]","[1440, 900]"
p07/day50/0266.jpg,"[25, 1033]","[1440, 900]"
p07/day50/0267.jpg,"[1474, 505]","[1440, 900]"
p07/day50/0268.jpg,"[1511, 160]","[1440, 900]"
p07/day50/0269.jpg,"[1842, 33]","[1440, 900]"
p07/day50/0272.jpg,"[1130, 1045]","[1440, 900]"
p07/day50/0276.jpg,"[1515, 759]","[1440, 900]"
p07/day50/0278.jpg,"[1801, 117]","[1440, 900]"
p07/day50/0280.jpg,"[1530, 1015]","[1440, 900]"
p07/day50/0281.jpg,"[999, 1021]","[1440, 900]"
p07/day50/0282.jpg,"[1810, 1065]","[1440, 900]"
p07/day50/0283.jpg,"[1660, 844]","[1440, 900]"
p07/day50/0286.jpg,"[1456, 161]","[1440, 900]"
p07/day50/0291.jpg,"[1664, 878]","[1440, 900]"
p07/day50/0298.jpg,"[1780, 1079]","[1440, 900]"
p07/day50/0306.jpg,"[1755, 1075]","[1440, 900]"
p07/day50/0307.jpg,"[1683, 430]","[1440, 900]"
p07/day50/0308.jpg,"[1528, 274]","[1440, 900]"
p07/day50/0309.jpg,"[1876, 534]","[1440, 900]"
p07/day50/0315.jpg,"[1190, 913]","[1440, 900]"
p07/day50/0317.jpg,"[1508, 328]","[1440, 900]"
p07/day50/0321.jpg,"[1461, 1075]","[1440, 900]"
p07/day50/0322.jpg,"[1879, 743]","[1440, 900]"
p07/day50/0330.jpg,"[1590, 196]","[1440, 900]"
p07/day50/0333.jpg,"[1768, 349]","[1440, 900]"
p07/day50/0334.jpg,"[1911, 574]","[1440, 900]"
p07/day50/0335.jpg,"[414, 913]","[1440, 900]"
p07/day50/0340.jpg,"[1822, 74]","[1440, 900]"
p07/day50/0341.jpg,"[1844, 579]","[1440, 900]"
p07/day50/0342.jpg,"[1836, 186]","[1440, 900]"
p07/day50/0343.jpg,"[1305, 1005]","[1440, 900]"
p07/day50/0344.jpg,"[495, 972]","[1440, 900]"
p07/day50/0351.jpg,"[1780, 407]","[1440, 900]"
p07/day50/0353.jpg,"[437, 905]","[1440, 900]"
p07/day50/0357.jpg,"[800, 1044]","[1440, 900]"
p07/day50/0361.jpg,"[1683, 847]","[1440, 900]"
p07/day50/0366.jpg,"[1676, 787]","[1440, 900]"
p07/day50/0367.jpg,"[244, 1076]","[1440, 900]"
p07/day50/0368.jpg,"[1829, 820]","[1440, 900]"
p07/day50/0369.jpg,"[1789, 158]","[1440, 900]"
p07/day50/0370.jpg,"[595, 953]","[1440, 900]"
p07/day50/0371.jpg,"[1711, 754]","[1440, 900]"
p07/day50/0372.jpg,"[1028, 1078]","[1440, 900]"
p07/day50/0379.jpg,"[1558, 696]","[1440, 900]"
p07/day50/0380.jpg,"[1714, 28]","[1440, 900]"
p07/day50/0382.jpg,"[723, 1017]","[1440, 900]"
p07/day50/0388.jpg,"[1755, 132]","[1440, 900]"
p07/day50/0389.jpg,"[1636, 508]","[1440, 900]"
p07/day50/0391.jpg,"[1642, 868]","[1440, 900]"
p07/day50/0392.jpg,"[1771, 816]","[1440, 900]"
p07/day50/0394.jpg,"[1638, 230]","[1440, 900]"
p07/day50/0397.jpg,"[1532, 895]","[1440, 900]"
p07/day50/0403.jpg,"[1508, 226]","[1440, 900]"
p07/day50/0405.jpg,"[517, 986]","[1440, 900]"
p07/day50/0406.jpg,"[1564, 663]","[1440, 900]"
p07/day50/0407.jpg,"[1714, 647]","[1440, 900]"
p07/day50/0413.jpg,"[1543, 1020]","[1440, 900]"
p07/day50/0416.jpg,"[1062, 1050]","[1440, 900]"
p07/day50/0417.jpg,"[1772, 813]","[1440, 900]"
p07/day50/0418.jpg,"[398, 924]","[1440, 900]"
p07/day50/0422.jpg,"[1505, 903]","[1440, 900]"
p07/day50/0425.jpg,"[1742, 91]","[1440, 900]"
p07/day50/0426.jpg,"[1806, 76]","[1440, 900]"
p07/day50/0427.jpg,"[1571, 1051]","[1440, 900]"
p07/day50/0430.jpg,"[1574, 1013]","[1440, 900]"
p07/day50/0431.jpg,"[271, 965]","[1440, 900]"
p07/day50/0432.jpg,"[1815, 32]","[1440, 900]"
p07/day50/0433.jpg,"[382, 934]","[1440, 900]"
p07/day50/0435.jpg,"[1357, 996]","[1440, 900]"
p07/day50/0438.jpg,"[1827, 696]","[1440, 900]"
p07/day50/0439.jpg,"[1523, 543]","[1440, 900]"
p07/day50/0440.jpg,"[260, 1007]","[1440, 900]"
p07/day50/0441.jpg,"[1503, 853]","[1440, 900]"
p07/day50/0444.jpg,"[118, 1022]","[1440, 900]"
p07/day50/0448.jpg,"[1000, 1070]","[1440, 900]"
p07/day50/0449.jpg,"[1691, 771]","[1440, 900]"
p07/day50/0450.jpg,"[1878, 75]","[1440, 900]"
p07/day50/0451.jpg,"[133, 1034]","[1440, 900]"
p07/day50/0453.jpg,"[1679, 711]","[1440, 900]"
p07/day50/0456.jpg,"[626, 1054]","[1440, 900]"
p07/day50/0457.jpg,"[1082, 946]","[1440, 900]"
p07/day50/0460.jpg,"[1871, 561]","[1440, 900]"
p07/day50/0461.jpg,"[457, 933]","[1440, 900]"
p07/day50/0462.jpg,"[1514, 705]","[1440, 900]"
p07/day50/0464.jpg,"[1209, 921]","[1440, 900]"
p07/day50/0465.jpg,"[1644, 896]","[1440, 900]"
p07/day50/0466.jpg,"[1760, 822]","[1440, 900]"
p07/day50/0473.jpg,"[1651, 651]","[1440, 900]"
p07/day50/0474.jpg,"[1086, 946]","[1440, 900]"
p07/day50/0475.jpg,"[373, 1012]","[1440, 900]"
p07/day55/0312.jpg,"[494, 958]","[1440, 900]"
p07/day55/0313.jpg,"[1565, 966]","[1440, 900]"
p07/day55/0314.jpg,"[1059, 1015]","[1440, 900]"
p07/day55/0317.jpg,"[1520, 252]","[1440, 900]"
p07/day55/0319.jpg,"[1880, 355]","[1440, 900]"
p07/day55/0320.jpg,"[1107, 955]","[1440, 900]"
p07/day55/0321.jpg,"[1806, 733]","[1440, 900]"
p07/day55/0324.jpg,"[1877, 294]","[1440, 900]"
p07/day55/0328.jpg,"[1467, 62]","[1440, 900]"
p07/day55/0329.jpg,"[583, 952]","[1440, 900]"
p07/day55/0330.jpg,"[428, 1058]","[1440, 900]"
p07/day55/0333.jpg,"[1696, 719]","[1440, 900]"
p07/day55/0336.jpg,"[790, 958]","[1440, 900]"
p07/day55/0337.jpg,"[1128, 921]","[1440, 900]"
p07/day55/0339.jpg,"[1799, 303]","[1440, 900]"
p07/day55/0340.jpg,"[1876, 679]","[1440, 900]"
p07/day55/0341.jpg,"[1877, 782]","[1440, 900]"
p07/day55/0342.jpg,"[1888, 175]","[1440, 900]"
p07/day55/0348.jpg,"[1546, 654]","[1440, 900]"
p07/day55/0350.jpg,"[1726, 15]","[1440, 900]"
p07/day55/0357.jpg,"[1501, 425]","[1440, 900]"
p07/day55/0360.jpg,"[171, 1035]","[1440, 900]"
p07/day55/0363.jpg,"[1504, 10]","[1440, 900]"
p07/day55/0365.jpg,"[1850, 132]","[1440, 900]"
p07/day55/0368.jpg,"[914, 1021]","[1440, 900]"
p07/day55/0369.jpg,"[664, 1060]","[1440, 900]"
p07/day55/0371.jpg,"[1518, 674]","[1440, 900]"
p07/day55/0376.jpg,"[1554, 532]","[1440, 900]"
p07/day55/0377.jpg,"[347, 976]","[1440, 900]"
p07/day55/0379.jpg,"[1379, 1043]","[1440, 900]"
p07/day55/0386.jpg,"[1679, 419]","[1440, 900]"
p07/day55/0392.jpg,"[1734, 109]","[1440, 900]"
p07/day55/0395.jpg,"[392, 992]","[1440, 900]"
p07/day55/0396.jpg,"[1667, 234]","[1440, 900]"
p07/day55/0398.jpg,"[1551, 579]","[1440, 900]"
p07/day55/0400.jpg,"[1508, 312]","[1440, 900]"
p07/day55/0401.jpg,"[412, 935]","[1440, 900]"
p07/day55/0404.jpg,"[1557, 194]","[1440, 900]"
p07/day55/0406.jpg,"[735, 1017]","[1440, 900]"
p07/day55/0411.jpg,"[753, 901]","[1440, 900]"
p07/day55/0413.jpg,"[1394, 1049]","[1440, 900]"
p07/day55/0423.jpg,"[1584, 296]","[1440, 900]"
p07/day55/0424.jpg,"[1844, 802]","[1440, 900]"
p07/day55/0426.jpg,"[1736, 757]","[1440, 900]"
p07/day55/0428.jpg,"[1607, 397]","[1440, 900]"
p07/day55/0430.jpg,"[1837, 717]","[1440, 900]"
p07/day55/0431.jpg,"[1315, 1068]","[1440, 900]"
p07/day55/0436.jpg,"[1684, 560]","[1440, 900]"
p07/day55/0442.jpg,"[481, 1053]","[1440, 900]"
p07/day55/0443.jpg,"[1581, 59]","[1440, 900]"
p07/day55/0444.jpg,"[103, 926]","[1440, 900]"
p07/day55/0446.jpg,"[440, 958]","[1440, 900]"
p07/day55/0452.jpg,"[1458, 1074]","[1440, 900]"
p07/day55/0458.jpg,"[1593, 481]","[1440, 900]"
p07/day55/0466.jpg,"[1522, 121]","[1440, 900]"
p07/day56/0001.jpg,"[1818, 108]","[1440, 900]"
p07/day56/0002.jpg,"[1723, 840]","[1440, 900]"
p07/day56/0011.jpg,"[1463, 358]","[1440, 900]"
p07/day56/0015.jpg,"[1469, 1009]","[1440, 900]"
p07/day56/0016.jpg,"[1721, 180]","[1440, 900]"
p07/day56/0017.jpg,"[1699, 645]","[1440, 900]"
p07/day56/0019.jpg,"[1861, 810]","[1440, 900]"
p07/day56/0021.jpg,"[1608, 324]","[1440, 900]"
p07/day56/0026.jpg,"[808, 939]","[1440, 900]"
p07/day56/0028.jpg,"[1467, 807]","[1440, 900]"
p07/day56/0030.jpg,"[1670, 602]","[1440, 900]"
p07/day56/0031.jpg,"[906, 904]","[1440, 900]"
p07/day56/0032.jpg,"[1494, 43]","[1440, 900]"
p07/day56/0042.jpg,"[1228, 1047]","[1440, 900]"
p07/day56/0044.jpg,"[978, 913]","[1440, 900]"
p07/day56/0051.jpg,"[1800, 300]","[1440, 900]"
p07/day56/0054.jpg,"[1854, 151]","[1440, 900]"
p07/day56/0056.jpg,"[751, 901]","[1440, 900]"
p07/day56/0058.jpg,"[1711, 59]","[1440, 900]"
p07/day56/0062.jpg,"[1618, 835]","[1440, 900]"
p07/day56/0066.jpg,"[1846, 913]","[1440, 900]"
p07/day56/0068.jpg,"[872, 1001]","[1440, 900]"
p07/day56/0073.jpg,"[1497, 380]","[1440, 900]"
p07/day56/0076.jpg,"[1261, 921]","[1440, 900]"
p07/day56/0077.jpg,"[1877, 397]","[1440, 900]"
p07/day56/0078.jpg,"[767, 978]","[1440, 900]"
p07/day56/0080.jpg,"[1698, 1000]","[1440, 900]"
p07/day56/0083.jpg,"[1696, 619]","[1440, 900]"
p07/day56/0090.jpg,"[1735, 636]","[1440, 900]"
p07/day56/0091.jpg,"[1791, 487]","[1440, 900]"
p07/day56/0092.jpg,"[1500, 77]","[1440, 900]"
p07/day56/0094.jpg,"[1895, 154]","[1440, 900]"
p07/day56/0099.jpg,"[1904, 783]","[1440, 900]"
p07/day56/0100.jpg,"[1819, 41]","[1440, 900]"
p07/day56/0104.jpg,"[1898, 151]","[1440, 900]"
p07/day56/0106.jpg,"[1871, 909]","[1440, 900]"
p07/day56/0108.jpg,"[1345, 904]","[1440, 900]"
p07/day56/0116.jpg,"[1477, 679]","[1440, 900]"
p07/day56/0118.jpg,"[1792, 20]","[1440, 900]"
p07/day56/0125.jpg,"[1503, 513]","[1440, 900]"
p07/day56/0130.jpg,"[1571, 775]","[1440, 900]"
p07/day56/0137.jpg,"[1752, 895]","[1440, 900]"
p10/day05/0003.jpg,"[2325, 297]","[1440, 900]"
p10/day05/0004.jpg,"[928, 963]","[1440, 900]"
p10/day05/0005.jpg,"[2419, 153]","[1440, 900]"
p10/day05/0006.jpg,"[385, 981]","[1440, 900]"
p10/day05/0011.jpg,"[3035, 965]","[1440, 900]"
p10/day05/0013.jpg,"[1852, 467]","[1440, 900]"
p10/day05/0014.jpg,"[1604, 495]","[1440, 900]"
p10/day05/0015.jpg,"[2268, 1005]","[1440, 900]"
p10/day05/0017.jpg,"[2844, 571]","[1440, 900]"
p10/day05/0018.jpg,"[14, 1157]","[1440, 900]"
p10/day05/0019.jpg,"[1543, 205]","[1440, 900]"
